"baseMean","log2FoldChange","lfcSE","stat","pvalue","padj","gene_id","DEG"
124.460767595855,0.589668161230859,0.628563786783789,0.938119843410086,0.348182825225021,0.752494522486159,"gene_1","Not sig"
100.83481341361,0.745522015447771,0.873727880427349,0.853265681625187,0.393511986792434,0.785856712990517,"gene_2","Not sig"
136.876931790794,1.95122030715733,0.666735176792699,2.92652971535654,0.00342766759296849,0.0906015920519778,"gene_3","Not sig"
235.300492415329,0.982558215486673,0.903303950516755,1.08773820254476,0.276710697619928,0.675518519565627,"gene_4","Not sig"
151.370277174545,0.791444275750986,0.868787890877741,0.910975261120854,0.362308408637039,0.761381976084378,"gene_5","Not sig"
200.37449221854,2.19650611195575,0.74355662104763,2.95405359831373,0.00313629529732497,0.0884161492930489,"gene_6","Not sig"
205.985795726921,1.00439393033102,0.738451850975036,1.36013462354362,0.173787326230042,0.577974137608241,"gene_7","Not sig"
130.81048367627,1.25642762249093,0.651407270910826,1.92878968135271,0.0537569773554227,0.357648461589139,"gene_8","Not sig"
134.150446755584,1.085110898364,0.781768669933826,1.38802044658025,0.165130819088321,0.577974137608241,"gene_9","Not sig"
171.687523391814,1.37664089396808,0.78475845732584,1.75422243763916,0.0793923999796487,0.42198786510922,"gene_10","Not sig"
134.084383063279,2.26208614495012,0.662600225794241,3.4139531755194,0.000640275787586158,0.0329573536978559,"gene_11","Significant"
174.334037446214,1.4588315271432,0.871051298807679,1.67479404386411,0.0939746479080654,0.445853027320941,"gene_12","Not sig"
109.897289740859,2.86749540166529,0.694619421335111,4.12815322116065,3.65688418482341e-05,0.00484670790770845,"gene_13","Significant"
121.573243411511,1.07528946709819,0.780800604863505,1.37716269736518,0.168461951920475,0.577974137608241,"gene_14","Not sig"
142.064990161397,1.25438910372371,0.697177676637358,1.79923876761789,0.0719809194353189,0.408590219955776,"gene_15","Not sig"
201.555504946986,2.19436901263679,0.718163044765012,3.05553039610219,0.00224662829147009,0.0839091395306357,"gene_16","Not sig"
161.230122890969,0.714677537490452,0.93820373338045,0.761750899152139,0.446208690557437,0.812101189143717,"gene_17","Not sig"
73.7514454618062,-0.910810059924174,1.65214076292932,-0.551290834510534,0.581434320508917,0.878891445838826,"gene_18","Not sig"
139.328388939609,0.564741512170036,0.807377033512098,0.699476810373717,0.484254100306664,0.832454177402058,"gene_19","Not sig"
162.70992582068,-0.188325380994363,0.856011454311701,-0.220003342298487,0.82586855169734,0.971960822575208,"gene_20","Not sig"
150.041589221509,1.38502801571388,0.78830653851639,1.7569662917176,0.0789235549330147,0.421788178822341,"gene_21","Not sig"
100.412321639192,2.10732535573113,0.698223211723295,3.01812560847127,0.00254343458874718,0.0884161492930489,"gene_22","Not sig"
142.145596497271,1.64431030555036,0.793175578331692,2.07307228118253,0.0381655532129106,0.298607288337813,"gene_23","Not sig"
105.585784866659,0.873139756331951,0.750362531556679,1.16362387460973,0.244576471748135,0.646728719745627,"gene_24","Not sig"
253.105578866975,2.37374896124665,0.950509722047521,2.49734316881398,0.0125127800180028,0.180924873629949,"gene_25","Not sig"
173.922428789017,1.84514275323426,0.883014487073311,2.08959510885247,0.0366541862831441,0.293123199137582,"gene_26","Not sig"
123.570048999101,0.64377363217564,0.759117493501902,0.848055324355434,0.396407160512969,0.785856712990517,"gene_27","Not sig"
93.9211154470379,1.0376558676424,0.790239068058334,1.31309107532735,0.189152260799539,0.587829795196412,"gene_28","Not sig"
142.601769139441,2.88762379118715,1.01677507679392,2.83998286060704,0.00451159577787463,0.105055730256224,"gene_29","Not sig"
109.313432312721,-0.240067766933988,0.643238517897518,-0.373217337355156,0.708986693563465,0.925752985721052,"gene_30","Not sig"
322.224465819303,0.870342412303952,0.561228820293404,1.55077996858562,0.120954422638194,0.494951570460895,"gene_31","Not sig"
151.871242851384,1.31633097072045,0.768076466694346,1.71380198170331,0.0865650993416311,0.440413935277951,"gene_32","Not sig"
97.6174507151738,3.11150931429798,0.657939140628213,4.72917496795685,2.25434045035278e-06,0.00220474496044502,"gene_33","Significant"
133.532651284088,1.1525837123186,0.62736106527428,1.83719356542264,0.066181325252861,0.39466668352011,"gene_34","Not sig"
127.87265360588,0.268615381013468,0.738504825438345,0.363728674154606,0.71606062901476,0.928924258398414,"gene_35","Not sig"
128.891509266788,1.30180633330829,0.885884917504217,1.46949824699109,0.141697696945413,0.539223142461531,"gene_36","Not sig"
174.213613360995,1.66173052161595,0.638794624267557,2.60135332779498,0.00928567624383366,0.159322655552093,"gene_37","Not sig"
132.224393901936,2.65901066483612,0.629547237733424,4.22368728740583,2.40337469622335e-05,0.00470100090581287,"gene_38","Significant"
285.778424585889,2.32201897138702,0.676924048783684,3.43025037381858,0.000603024541904586,0.0327643334434825,"gene_39","Significant"
232.812566148833,3.07295238328414,0.694566533844598,4.42427360597779,9.67673194279783e-06,0.00315461461335209,"gene_40","Significant"
149.793311427022,1.78141310511791,0.836601274292056,2.12934543594302,0.0332256912466712,0.292745279632833,"gene_41","Not sig"
176.74836126803,1.93333873235124,0.699524264251127,2.76379080920227,0.00571341551660365,0.114035109698742,"gene_42","Not sig"
150.0248790967,0.0964446725544609,0.936429431314358,0.1029919279866,0.917969377418578,0.980682490080122,"gene_43","Not sig"
145.444876585999,0.965025691531001,0.706052758190536,1.36678977645262,0.171691208203211,0.577974137608241,"gene_44","Not sig"
141.135889934661,2.61855741294105,0.65448275786433,4.0009570633851,6.30868054003814e-05,0.0061698895681573,"gene_45","Significant"
118.649646260998,2.13470268934882,0.722771881920154,2.9534943773375,0.00314198332218891,0.0884161492930489,"gene_46","Not sig"
246.309938506648,1.4445116321904,0.858690359390772,1.68222644681287,0.0925249376322414,0.445853027320941,"gene_47","Not sig"
160.932384297463,2.76014219094442,0.671643631736832,4.10953377732005,3.96458724556928e-05,0.00484670790770845,"gene_48","Significant"
137.887949447835,1.49181396181526,0.748112112608528,1.99410480952325,0.0461406017573035,0.331805209695903,"gene_49","Not sig"
120.756580746688,1.42263558694434,0.736234301732479,1.93231364471425,0.0533208053005631,0.357648461589139,"gene_50","Not sig"
251.897335682947,1.0022492477739,0.747049343957434,1.34161050522388,0.179722318192882,0.578186323674048,"gene_51","Not sig"
194.8670177307,2.64094994884672,0.701180544052346,3.76643358297398,0.000165596110014882,0.0116426421595321,"gene_52","Significant"
83.6346579628913,-0.231246218274328,0.781914057895568,-0.295743778922073,0.767425761111071,0.942855102854599,"gene_53","Not sig"
184.934391344367,0.594294488046176,0.707319074682201,0.84020707106364,0.400792294436341,0.785856712990517,"gene_54","Not sig"
257.351240144914,2.46529415873311,0.809266100714118,3.04633316106738,0.00231650998704209,0.0839091395306357,"gene_55","Not sig"
182.94491732417,1.84639736194655,0.742451961333512,2.48689135204149,0.0128864747504004,0.180924873629949,"gene_56","Not sig"
222.850745562931,2.41936602368847,0.967061286849069,2.50177114583025,0.0123573775924165,0.180924873629949,"gene_57","Not sig"
208.238846262286,1.19813597443827,0.664734569559184,1.80242765955862,0.0714781467009853,0.408590219955776,"gene_58","Not sig"
132.195930441701,1.26396191827467,0.703226795019454,1.79737451306829,0.0722761841026067,0.408590219955776,"gene_59","Not sig"
129.541583522521,1.27245605201254,0.775803013772182,1.64017931024202,0.100967889851364,0.459989476321777,"gene_60","Not sig"
214.829673903313,2.28112702554724,0.959188799449099,2.37818355141071,0.0173981630739304,0.204443463903665,"gene_61","Not sig"
160.809927546929,2.54447182870983,1.73852963950477,1.46357690481172,0.14330958668246,0.541154328318794,"gene_62","Not sig"
130.203671901567,2.63254915852939,0.729724066721713,3.60759536184154,0.00030904796552076,0.0189735927564522,"gene_63","Significant"
111.019907172947,2.76825434090329,0.926692758895186,2.98724071633368,0.00281507971695436,0.0884161492930489,"gene_64","Not sig"
164.921076324877,1.08029615043328,0.678303993478451,1.59264306390613,0.111240286988508,0.481679712106715,"gene_65","Not sig"
117.008844740266,0.275222773395268,0.785448178824265,0.350402204518761,0.72603687217532,0.932356532329387,"gene_66","Not sig"
182.526955985327,1.52519651520713,0.802029658195015,1.90167096643237,0.0572141838127087,0.365722037704766,"gene_67","Not sig"
166.164646770345,3.35741186840097,0.747319706311341,4.49260449048327,7.03573779926239e-06,0.00315461461335209,"gene_68","Significant"
185.134536857931,1.12662390340746,0.700204955151637,1.60899161755214,0.107618174553461,0.476246944404005,"gene_69","Not sig"
112.90336309051,-0.0340358658200962,0.809444928034729,-0.0420484021102371,0.96646011290844,0.996832817289684,"gene_70","Not sig"
147.286490132022,1.77535321790039,0.727005410087857,2.44200826192729,0.0146058123606206,0.193033574171445,"gene_71","Not sig"
144.176414943538,0.578088035602948,0.714985394621757,0.808531251059707,0.418784823298811,0.801012195764973,"gene_72","Not sig"
78.1841618041051,0.855042884430405,0.608871330250919,1.40430800720743,0.16022715092172,0.57460852535984,"gene_73","Not sig"
112.180180769058,1.90756097771279,0.703064539151837,2.71320891822254,0.00666350814011469,0.127782567863376,"gene_74","Not sig"
164.63136199059,1.64909287571823,0.789436062994678,2.08895052179716,0.0367121773016161,0.293123199137582,"gene_75","Not sig"
179.934460991122,1.71728786863032,0.887863882806587,1.93417921585218,0.0530910968980068,0.357648461589139,"gene_76","Not sig"
120.579406507988,1.23044059573823,0.78175149861969,1.57395361302252,0.115498173885723,0.489396662761703,"gene_77","Not sig"
161.590746206623,0.947647813780855,0.758842501281164,1.24880698192435,0.211735679666303,0.611851871900528,"gene_78","Not sig"
102.174364052732,-0.654726727841501,0.819538634468913,-0.798896721038398,0.424350300406789,0.802736158216325,"gene_79","Not sig"
112.289259545594,0.0390799612605225,0.686810849708517,0.0569006172181293,0.95462436264238,0.993389622897729,"gene_80","Not sig"
99.424280969248,-0.737321714912321,0.660192646981615,-1.1168281232506,0.264067821687983,0.668593044231367,"gene_81","Not sig"
67.433508049788,-0.10027983382945,0.648806779513259,-0.154560397634378,0.877167892840244,0.980682490080122,"gene_82","Not sig"
112.167594523326,-0.395530775005181,0.769028429007804,-0.514325296810539,0.607024578278376,0.887399159276908,"gene_83","Not sig"
138.546297266148,-0.210061211777688,0.883891662797677,-0.23765493059727,0.812148742355166,0.962765418210124,"gene_84","Not sig"
65.0174328688051,0.000599097466631566,0.602451741204783,0.000994432293337704,0.999206557957154,0.999206557957154,"gene_85","Not sig"
71.7751376413557,-0.126092680448613,0.737720000382196,-0.170922139000281,0.864284988414532,0.980682490080122,"gene_86","Not sig"
53.1969485489253,0.0181315491753592,0.76107308352316,0.0238236636768503,0.98099326451997,0.996832817289684,"gene_87","Not sig"
97.7406034065068,-2.07006764586726,0.703480141483741,-2.94260992428469,0.00325458218256622,0.0884161492930489,"gene_88","Not sig"
71.6724688524332,-0.88907939399765,0.741495642591199,-1.19903522411907,0.230514249409797,0.638043585568198,"gene_89","Not sig"
71.9796359322956,-0.958502452818383,1.85811527656091,-0.51584660268895,0.605961550846368,0.887399159276908,"gene_90","Not sig"
109.036077461739,1.63841168007579,0.634233119205065,2.58329568491998,0.00978614115618883,0.159514100845878,"gene_91","Not sig"
95.2762175154941,0.377911635406378,0.803124893231282,0.470551515201942,0.637961038254641,0.899967270086859,"gene_92","Not sig"
71.5921049762212,0.719756963301133,0.795945334660209,0.904279392011763,0.365847271398024,0.761381976084378,"gene_93","Not sig"
86.223056452335,-0.419231381576064,0.630563045308828,-0.664852443692984,0.506144875516314,0.846956302233927,"gene_94","Not sig"
66.8504365034232,-1.65577715634518,0.811835064244614,-2.03954870794577,0.0413952951954759,0.313834098458724,"gene_95","Not sig"
149.097037150771,0.433108250732164,0.937509766909433,0.461977321217609,0.64409758392168,0.901777487484303,"gene_96","Not sig"
84.4331639594011,0.427670471558488,0.696243586004565,0.614254091750705,0.539047434006204,0.851677529011418,"gene_97","Not sig"
94.273369913363,-0.705381750271601,0.819178451710568,-0.86108435689276,0.38919158415086,0.785856712990517,"gene_98","Not sig"
107.778936094757,0.239276002746494,0.694371125730209,0.344593825808739,0.730399748103231,0.932356532329387,"gene_99","Not sig"
78.3758441680094,1.46055096135321,0.689701419452411,2.11765688769035,0.0342041365545226,0.293123199137582,"gene_100","Not sig"
98.4172457918783,0.475527568888167,0.802412145981785,0.592622595843609,0.553433753635044,0.861941262546592,"gene_101","Not sig"
92.7329493660745,0.665224053029005,0.745602540849765,0.892196601517543,0.372287563457086,0.768137630930443,"gene_102","Not sig"
90.4495151101954,0.809326156155189,0.927187809077707,0.872882654658977,0.382727041474767,0.781434335203178,"gene_103","Not sig"
72.5475315858806,0.104128459022545,0.789610989131398,0.131873112780624,0.895084655758596,0.980682490080122,"gene_104","Not sig"
80.7274864437051,-1.48855956774581,0.771230075912501,-1.93011088939262,0.0535930994908217,0.357648461589139,"gene_105","Not sig"
111.22520572349,-1.06400875790646,0.776707646260819,-1.36989607740924,0.170719344365975,0.577974137608241,"gene_106","Not sig"
59.285750340617,-0.77127556791289,0.60595644981798,-1.27282343169145,0.203080704430605,0.603686714082466,"gene_107","Not sig"
119.276006317171,-0.919656937341496,0.904847068709483,-1.01636726154524,0.309454529581449,0.713195386960822,"gene_108","Not sig"
110.402191354992,-1.13976990857311,0.762822492630621,-1.49414827116931,0.13513686958842,0.524458598731179,"gene_109","Not sig"
103.602695536068,-0.0701467268415692,0.928478847489066,-0.0755501614616969,0.939776988466306,0.987173805372528,"gene_110","Not sig"
90.5458559556475,0.677001411294728,0.799750618134602,0.846515646182077,0.39726514924618,0.785856712990517,"gene_111","Not sig"
110.263024862535,0.88878459400692,0.758644434260604,1.17154302314648,0.241380574959223,0.646728719745627,"gene_112","Not sig"
97.7454969438157,-0.109647554001784,0.728265624173072,-0.150559837458051,0.880322945215866,0.980682490080122,"gene_113","Not sig"
83.0551640394954,0.74323962551057,0.641187095135715,1.15916185954001,0.246390214835993,0.646728719745627,"gene_114","Not sig"
132.879747889856,0.110890036039511,0.681789030272818,0.162645673537955,0.870797423488777,0.980682490080122,"gene_115","Not sig"
114.445002583653,0.101011532063507,0.92838874591257,0.108803055302245,0.913358700427335,0.980682490080122,"gene_116","Not sig"
117.211715232033,-0.146814248147716,1.42494201479732,-0.103031735062285,0.917937784038542,0.980682490080122,"gene_117","Not sig"
71.65919945773,-1.20934716251007,0.587772454932437,-2.05750907917093,0.0396372824889278,0.307660811699773,"gene_118","Not sig"
73.7462655201303,1.09543656183099,0.70295024753816,1.558341526541,0.11915230991604,0.493224893237543,"gene_119","Not sig"
57.7685897052195,0.316029830635708,0.707863155331428,0.446456109850413,0.65526780976775,0.901777487484303,"gene_120","Not sig"
67.6744625197745,0.535537316402913,0.847272271968386,0.632072279621226,0.527339647849697,0.847086742800751,"gene_121","Not sig"
116.977112029125,-1.48398779476392,0.757617277944908,-1.95875653573971,0.0501413059628279,0.35167709148613,"gene_122","Not sig"
103.540109387408,-1.10961974069201,0.631246596964909,-1.75782292693088,0.0787776430385037,0.421788178822341,"gene_123","Not sig"
51.7520572088401,0.809802649681284,1.51075483606452,0.536025191083155,0.591941140462005,0.88029924007208,"gene_124","Not sig"
82.6592635305854,-1.66212170121449,0.796236085609059,-2.08747346579137,0.0368453571539302,0.293123199137582,"gene_125","Not sig"
88.0030350616136,-0.480392143084378,0.851525531987255,-0.564154714143755,0.572648844485339,0.870996220694652,"gene_126","Not sig"
73.4435444243304,-0.586450777297863,0.760333490306938,-0.771307307614609,0.440524801921862,0.810721261485919,"gene_127","Not sig"
74.5874333004566,-0.436660621065417,0.769826050908396,-0.56721985512202,0.570564819956984,0.870996220694652,"gene_128","Not sig"
85.1681474291255,0.145062927578345,0.601822071461252,0.241039560457007,0.809524455464088,0.960819074567814,"gene_129","Not sig"
86.9149862208592,-1.50125149356875,0.742881909078223,-2.02084809876649,0.0432954919860594,0.317380844104619,"gene_130","Not sig"
76.6900717466764,1.39058030454938,0.709487458605608,1.9599786968502,0.0499982803008076,0.35167709148613,"gene_131","Not sig"
72.2056334139908,0.695794072624265,0.637382179929112,1.09164343549995,0.274989856554121,0.675518519565627,"gene_132","Not sig"
105.540132101777,-0.347716595341936,0.654030502051483,-0.531651955453546,0.59496707330025,0.88029924007208,"gene_133","Not sig"
86.4633802580234,-0.0601222445411822,0.89311552618271,-0.0673174329396695,0.946328998889602,0.988792479609007,"gene_134","Not sig"
122.540478794763,0.808301220287662,0.75488332034685,1.07076312126789,0.284275952899792,0.6881729750891,"gene_135","Not sig"
27.1521995446909,-0.206652770368211,0.651407988858891,-0.317240153486935,0.751061384153825,NA,"gene_136","Not sig"
95.3344812919806,-1.1668718138694,0.711751854951389,-1.63943628070923,0.101122430888734,0.459989476321777,"gene_137","Not sig"
83.4884356318923,1.05413698600472,0.61576404873124,1.71191706982038,0.0869119524628268,0.440413935277951,"gene_138","Not sig"
86.1607251739656,-0.228225066577284,0.697556089634815,-0.327178086419924,0.743533194119694,0.935274678682401,"gene_139","Not sig"
113.86458885776,-1.45523306803803,0.697199824669347,-2.08725392139648,0.0368651876215977,0.293123199137582,"gene_140","Not sig"
89.3055686033218,-0.107260763582095,0.657307780634633,-0.163181947243244,0.870375179695753,0.980682490080122,"gene_141","Not sig"
111.162076364148,-0.207693327654078,0.641837794453051,-0.323591613720826,0.746247237926276,0.935274678682401,"gene_142","Not sig"
57.7273673257599,-0.306760466841481,0.677983207262139,-0.452460272696509,0.650937434729409,0.901777487484303,"gene_143","Not sig"
69.1163790375298,0.0697165938717764,0.609220699419463,0.114435694549136,0.908892419680864,0.980682490080122,"gene_144","Not sig"
78.0859124584963,-0.394965982663347,0.861904951069795,-0.458247724616405,0.646774476139961,0.901777487484303,"gene_145","Not sig"
92.0496281745907,-0.548549233022867,0.901856627444044,-0.608244388664651,0.543025398409236,0.853693189385174,"gene_146","Not sig"
79.2898917904172,-0.938228164504652,0.850744878456645,-1.10283139900497,0.270100389799698,0.672492213826698,"gene_147","Not sig"
138.272480982769,0.156148726101523,0.829733835740457,0.188191344471539,0.850726657378095,0.978836083430326,"gene_148","Not sig"
56.1610655444207,1.45204913274054,0.662870078525671,2.19054861545438,0.0284844730721776,0.269074117174705,"gene_149","Not sig"
90.9858208113008,-1.07617260671296,0.706860138678166,-1.52246894092149,0.127891622018368,0.511885592789252,"gene_150","Not sig"
93.4781560584824,0.165949031888174,0.781171261320049,0.212436171304802,0.831766769076375,0.973047727460161,"gene_151","Not sig"
94.8198585914865,-1.20655883870835,0.75140504932896,-1.60573693214581,0.108331722968925,0.477245157944181,"gene_152","Not sig"
56.2246141652586,-1.3503345149712,0.822291915775483,-1.64215954099188,0.100556944993593,0.459989476321777,"gene_153","Not sig"
60.0095428386225,-1.10515113197608,0.614843467248663,-1.7974512064371,0.0722640177105365,0.408590219955776,"gene_154","Not sig"
91.5848336391452,0.854382385145725,0.680629874571295,1.25528193378798,0.209376431133449,0.611254178055264,"gene_155","Not sig"
164.821120361191,-0.961215095582159,0.71343809705966,-1.34729992629168,0.177883655848753,0.577974137608241,"gene_156","Not sig"
53.714084806884,0.377458666971597,0.677167526735136,0.557408103710256,0.577248629993278,0.876135565309246,"gene_157","Not sig"
120.440213637333,-0.0925584881745058,0.65189725702509,-0.14198324533055,0.887093239892268,0.980682490080122,"gene_158","Not sig"
99.5748580040928,-1.16784904015094,0.767545548804084,-1.52153711525078,0.128125104683439,0.511885592789252,"gene_159","Not sig"
110.259185433641,-1.09575444927613,0.731518382984989,-1.49791785792841,0.134154593343996,0.522721881635173,"gene_160","Not sig"
64.8451195421297,-1.49632248943034,0.709225569276704,-2.10979772057055,0.0348757828993782,0.293123199137582,"gene_161","Not sig"
86.5211953185674,0.601765988601838,0.662892945815987,0.907787588327848,0.363990457152197,0.761381976084378,"gene_162","Not sig"
90.6596670111388,0.0223181135693466,0.732121385034478,0.0304841711027134,0.975680917145148,0.996832817289684,"gene_163","Not sig"
71.7552044480619,0.604840446771431,0.682171999277945,0.886639216226456,0.375273173204386,0.771044460911532,"gene_164","Not sig"
60.5048539965704,0.246323309180513,0.855681959800416,0.28786783028354,0.773447912737693,0.943597243682977,"gene_165","Not sig"
86.3644420464956,0.776565554215162,0.596334071934603,1.30223240757628,0.192836949897641,0.594621548175318,"gene_166","Not sig"
87.6431848901093,-1.1037878083497,0.821878472164586,-1.34300610824207,0.179269995978647,0.578186323674048,"gene_167","Not sig"
51.5306826126693,-0.867601628519082,0.879013053571825,-0.9870179117291,0.323633857766945,0.727618190565684,"gene_168","Not sig"
144.643293361266,0.0678400592247637,0.749293765602913,0.0905386676615103,0.927859167763871,0.98102299034926,"gene_169","Not sig"
115.954796959604,-1.10107578443618,0.691022738200699,-1.59340022197125,0.111070435961195,0.481679712106715,"gene_170","Not sig"
127.663330507103,0.843367699474726,0.771806793877507,1.09271867799673,0.274517336390757,0.675518519565627,"gene_171","Not sig"
58.758683981055,-0.523277266720921,0.649858709507001,-0.805216978807427,0.420694480283508,0.802025734341659,"gene_172","Not sig"
69.0149345298588,-0.0117471613015701,0.746516016218674,-0.0157359802688132,0.987445022442727,0.996832817289684,"gene_173","Not sig"
90.6956117398303,2.29679560301758,0.738398713564769,3.11050867346361,0.00186765410663536,0.0761069048453907,"gene_174","Not sig"
64.291611626594,-1.66787218833052,0.742502526676458,-2.24628486558307,0.0246857673371853,0.246353882201706,"gene_175","Not sig"
137.981097490107,-0.412319600934473,0.657527026132271,-0.627076279069217,0.530609235367867,0.849436176327573,"gene_176","Not sig"
66.1956530958715,0.255943949969774,0.691035674645397,0.370377332691414,0.711101360710685,0.926041452430159,"gene_177","Not sig"
115.687104667863,-0.780674541602289,0.667827077607759,-1.16897707172756,0.242412869250958,0.646728719745627,"gene_178","Not sig"
120.170929455869,0.885629765351829,0.694303269836481,1.27556617378514,0.202108917951898,0.602629639502914,"gene_179","Not sig"
121.583434533038,0.379222660505337,0.694637871322314,0.545928571074664,0.585115037897107,0.88029924007208,"gene_180","Not sig"
61.6435276941464,1.1057490147759,0.620294184039941,1.78262031666042,0.0746481303287814,0.419573973916944,"gene_181","Not sig"
92.9048829355692,0.463980076601593,0.777060432199128,0.597096515760686,0.550442944016471,0.861941262546592,"gene_182","Not sig"
66.8202177513217,0.0337507123090678,0.642737950902122,0.0525108440565811,0.958121654949232,0.994817979388421,"gene_183","Not sig"
78.1627282223819,0.562444913091319,0.622048873767117,0.904181225640941,0.365899313660182,0.761381976084378,"gene_184","Not sig"
91.7446240789917,-0.222114805681685,0.754541407540416,-0.294370598435034,0.768474731158952,0.942855102854599,"gene_185","Not sig"
101.371061810405,-0.50730366160514,0.639052817689236,-0.793836827822008,0.427290429874503,0.803017254686988,"gene_186","Not sig"
99.4926768342466,1.18213698000789,0.859255505140714,1.37576887542234,0.168893200442555,0.577974137608241,"gene_187","Not sig"
63.0099582751265,-0.400667205952274,0.619557740923912,-0.646698732800563,0.517826943400066,0.847086742800751,"gene_188","Not sig"
85.5191717348764,-0.0242575967016537,0.772398105800719,-0.0314055621310809,0.974946105401637,0.996832817289684,"gene_189","Not sig"
73.0414537308948,-1.30942593399484,0.651301504509229,-2.01047583174482,0.0443808516394871,0.321514614099395,"gene_190","Not sig"
42.5023784580469,-0.138968703582613,0.811940342113286,-0.171156298529163,0.864100869086671,NA,"gene_191","Not sig"
90.5024374107702,-0.295478361257798,0.720819447507364,-0.40992007399298,0.681864579292702,0.906999114937925,"gene_192","Not sig"
96.6792863962584,-0.0269289928995625,0.840639378094883,-0.0320339417843962,0.974444983149836,0.996832817289684,"gene_193","Not sig"
132.085550947792,-0.664805564258249,0.656935874691454,-1.01197938774541,0.311547908955936,0.713195386960822,"gene_194","Not sig"
79.1042205351518,0.291609215262872,0.686431261596391,0.424819252236115,0.670968441981387,0.906363447869885,"gene_195","Not sig"
58.1547265483041,-0.456774912300771,0.698083680525902,-0.654326873759115,0.512901235689587,0.847086742800751,"gene_196","Not sig"
50.1735852312805,0.0938768371052389,0.923449136452581,0.101658914822169,0.919027414355761,0.980682490080122,"gene_197","Not sig"
105.720820622584,0.662025200440577,0.758008696884555,0.87337414882115,0.382459176747536,0.781434335203178,"gene_198","Not sig"
67.1097171225259,0.450352972059333,0.852562833428909,0.528234347547225,0.597336692552558,0.882137357456891,"gene_199","Not sig"
83.1642730577042,0.498262624021411,0.752893159863657,0.661797251699886,0.50810116770065,0.847086742800751,"gene_200","Not sig"
89.8578147585809,0.179451398918689,0.728209126207678,0.246428385006962,0.805350635538146,0.959991086304259,"gene_201","Not sig"
94.2862663562384,0.10725989052599,0.658341425375377,0.162924413369296,0.870577948561024,0.980682490080122,"gene_202","Not sig"
110.365088596946,0.920926397529033,0.689971569666609,1.33473093387604,0.181964425341874,0.583479370440501,"gene_203","Not sig"
56.9750698398996,-1.20532723317873,0.712976510786435,-1.69055672233749,0.0909214961874317,0.445853027320941,"gene_204","Not sig"
88.3459896530443,0.769368818445699,0.837424418007007,0.918732248429926,0.358235637781434,0.761381976084378,"gene_205","Not sig"
68.9588610990846,1.46240651852091,0.896866422817215,1.63057338452614,0.102980368974147,0.464123506252145,"gene_206","Not sig"
98.1708109868418,-1.89893379441418,0.808491890441307,-2.34873573484784,0.0188372709035013,0.214219197018887,"gene_207","Not sig"
90.8754377617363,0.720133194570355,0.833732297464992,0.863746308929088,0.387727268251692,0.785856712990517,"gene_208","Not sig"
106.911484457463,-0.657440835406833,0.851685271944288,-0.771929323030303,0.440156288879149,0.810721261485919,"gene_209","Not sig"
102.036268828049,-0.535702434050724,0.638905317482915,-0.83846920567389,0.401767235680223,0.785856712990517,"gene_210","Not sig"
97.7921769981674,1.69441269016457,0.645024741077703,2.62689565571323,0.0086167752476521,0.152927714883681,"gene_211","Not sig"
83.8444449508666,-0.826827441080054,0.620905380975705,-1.33164805204419,0.182975866964567,0.584236099158018,"gene_212","Not sig"
97.7826534279146,0.75154948999143,0.778752839286669,0.965068057639241,0.334510724707422,0.745219792172798,"gene_213","Not sig"
53.3554863279133,-0.40958980911332,0.750629439759988,-0.545661797176894,0.58529843686434,0.88029924007208,"gene_214","Not sig"
63.2739155716861,2.39983587850348,0.683663608127207,3.5102583346179,0.000447671532891728,0.0257542799510653,"gene_215","Significant"
89.0331263282805,-0.382202568383391,0.599415108228201,-0.637625850828378,0.52371726377236,0.847086742800751,"gene_216","Not sig"
133.227510291217,0.85683142684298,0.677745508379418,1.26423770611447,0.206144720890403,0.607257641659078,"gene_217","Not sig"
130.050120026626,-0.511747556808005,0.794143388077584,-0.64440196127152,0.519314813073772,0.847086742800751,"gene_218","Not sig"
111.724496039986,1.31563898347929,0.63025423734988,2.08747344406813,0.0368453591156438,0.293123199137582,"gene_219","Not sig"
93.4220866738233,1.06749646493586,0.821796671520728,1.29897881304443,0.193951200273953,0.594621548175318,"gene_220","Not sig"
62.3941565866777,-0.375850262861745,0.619137652630018,-0.607054443006626,0.543814782195259,0.853693189385174,"gene_221","Not sig"
78.098981322361,-0.0158179593975239,0.76491153998069,-0.0206794623570763,0.98350135218204,0.996832817289684,"gene_222","Not sig"
76.2995966836008,-0.840474750000744,0.643031619120348,-1.3070504233532,0.191195587062605,0.59173824097224,"gene_223","Not sig"
96.3989508200139,0.414566184159491,0.772205385574962,0.536860001113327,0.591364322060961,0.88029924007208,"gene_224","Not sig"
45.7065222240385,0.0830398536104623,0.839812539617299,0.0988790351336066,0.921234314859665,0.980682490080122,"gene_225","Not sig"
105.053718739586,-0.150518338497458,0.771439702711303,-0.195113549339561,0.845304055587825,0.975898779209801,"gene_226","Not sig"
104.337188827473,-0.514994431522945,0.642634417401208,-0.801380096642763,0.422911633991894,0.802736158216325,"gene_227","Not sig"
58.2676446819435,-0.971461456375074,0.608273385827389,-1.59708032442299,0.110247803410608,0.481679712106715,"gene_228","Not sig"
103.26746441965,0.437424669453606,0.811991802050531,0.538705770611198,0.59008989133068,0.88029924007208,"gene_229","Not sig"
63.910365681271,-0.144654420094884,0.652862915538715,-0.221569362651762,0.824649134743407,0.971960822575208,"gene_230","Not sig"
68.3841858280233,1.05581283746737,0.753564029340744,1.40109240404037,0.161186442775691,0.57460852535984,"gene_231","Not sig"
101.32472730455,0.498605085226003,0.783327610648631,0.636521780220584,0.52443638954895,0.847086742800751,"gene_232","Not sig"
87.2056991078709,-1.61980511672152,0.74005099924861,-2.18877498762402,0.0286131985543654,0.269074117174705,"gene_233","Not sig"
84.144889653244,-0.533925198232609,0.82689898725343,-0.645695794121187,0.518476384937346,0.847086742800751,"gene_234","Not sig"
97.899144327697,0.409207046234695,0.713453357438172,0.573558231899073,0.566266783010693,0.870996220694652,"gene_235","Not sig"
107.654178403718,-1.04200985214223,0.822147257042246,-1.26742483565652,0.205003424066454,0.605720086818706,"gene_236","Not sig"
80.2731897432148,-1.57502676463047,0.771150943224199,-2.04243641075669,0.0411082610956256,0.313834098458724,"gene_237","Not sig"
79.7109643302663,-0.358811261871644,0.726404107404199,-0.493955441901139,0.62133764825395,0.894325792670798,"gene_238","Not sig"
91.9698624338559,0.932724724826963,0.710615609545664,1.3125587340015,0.189331682501912,0.587829795196412,"gene_239","Not sig"
82.0706727221653,0.921130186618501,0.902992525960793,1.02008616919438,0.307687595602884,0.713195386960822,"gene_240","Not sig"
111.490362089806,-1.10792678196068,0.711685765916913,-1.55676400318792,0.119526526557782,0.493224893237543,"gene_241","Not sig"
94.214070310984,-2.05077360583991,0.725946859219879,-2.82496381077222,0.00472859563982837,0.105103784903458,"gene_242","Not sig"
80.8970574070376,0.906263683768603,0.604098955631607,1.50019078053375,0.133564990736398,0.522721881635173,"gene_243","Not sig"
64.9404216116133,-1.44373465295019,0.636793496430697,-2.2671944061026,0.0233783524075594,0.243234347389288,"gene_244","Not sig"
88.4166579946672,-0.377471960462341,0.789820389173094,-0.477921266197669,0.632706244607933,0.899580800191178,"gene_245","Not sig"
82.9104967566532,-1.96100308161307,0.824199793163791,-2.37928121054911,0.0173464370951458,0.204443463903665,"gene_246","Not sig"
108.314592412248,1.85418939251291,0.662794706948791,2.79753198550538,0.00514946682952791,0.109590533356621,"gene_247","Not sig"
69.1218340051235,-0.7021716296018,0.670763147175775,-1.04682499710706,0.295180299150585,0.704953566668812,"gene_248","Not sig"
89.0891471357366,0.500981434540579,0.749606199838008,0.668326161988578,0.503925416912847,0.845350013277469,"gene_249","Not sig"
115.653879795594,-1.04964359478805,0.691944503088901,-1.51694765996745,0.129279899201376,0.511885592789252,"gene_250","Not sig"
79.0077476478923,-1.6281165374747,0.681923202494099,-2.38753650194032,0.0169617182847746,0.204443463903665,"gene_251","Not sig"
59.1608761938332,-1.04047490435815,0.70240142953965,-1.48131091509889,0.138523741214363,0.529203980107996,"gene_252","Not sig"
62.7671827206144,0.932724980823505,0.755943292007178,1.23385575437403,0.217256659272139,0.621277815111556,"gene_253","Not sig"
88.2968269556013,1.91323277676052,0.753800127896709,2.53811681101583,0.0111450778038738,0.175804614390139,"gene_254","Not sig"
86.6035620968033,-0.579217151443111,0.68955871064414,-0.839982357560309,0.400918278491747,0.785856712990517,"gene_255","Not sig"
122.299064276378,0.924840953089577,0.722675989791805,1.27974495645831,0.200634848053478,0.600063857481045,"gene_256","Not sig"
142.108301638163,-0.981239516616771,0.741035705270809,-1.32414606966635,0.185454537737543,0.585749006786243,"gene_257","Not sig"
85.5823144212361,0.267725100958775,0.824998348850814,0.324515923373306,0.745547468891502,0.935274678682401,"gene_258","Not sig"
82.5371321325271,-0.134379312116393,0.67983542747038,-0.197664473910118,0.843307586957867,0.975898779209801,"gene_259","Not sig"
108.148761763911,0.116605907179135,0.665619186563341,0.175184113578792,0.860934966826905,0.980682490080122,"gene_260","Not sig"
88.2794888746703,0.310495926464268,0.752837152935886,0.412434382725943,0.680021066311961,0.906999114937925,"gene_261","Not sig"
62.3856423773306,-0.908004480799934,0.889612345658432,-1.02067432543092,0.307408762516977,0.713195386960822,"gene_262","Not sig"
81.7729156539414,-0.290564451613928,0.694333003602187,-0.418479965818253,0.675596231294684,0.906999114937925,"gene_263","Not sig"
59.287996942333,0.107348274908331,0.762248753338741,0.140831027191757,0.88800343118023,0.980682490080122,"gene_264","Not sig"
113.827335858036,-1.47445614808324,0.76429571460918,-1.92916971781949,0.0537097962012738,0.357648461589139,"gene_265","Not sig"
95.2820308087863,-1.27633125177268,1.51477302032377,-0.842589110479319,NA,NA,"gene_266",NA
55.719208483635,-0.1994189247654,0.574733561894313,-0.346976299953874,0.728609123877054,0.932356532329387,"gene_267","Not sig"
118.237433638227,-0.689906901324471,0.676014363562008,-1.02055065470689,0.307467378435225,0.713195386960822,"gene_268","Not sig"
106.364250791984,-0.915562073019497,0.764811648016379,-1.19710790937103,0.231264497520483,0.638043585568198,"gene_269","Not sig"
188.487967171047,-0.284552693326958,0.827282476126619,-0.343960740784997,0.730875810980481,0.932356532329387,"gene_270","Not sig"
53.6923572000751,-0.116989322091414,0.760367040689224,-0.153859012596563,0.877720902415433,0.980682490080122,"gene_271","Not sig"
167.29023760796,-0.711121374683724,0.786180364541999,-0.904527010284718,0.365716018706231,0.761381976084378,"gene_272","Not sig"
54.6508763216944,-0.345218429287,0.587388815875898,-0.587717062287303,0.55672222111762,0.862875328451716,"gene_273","Not sig"
105.778186479863,-1.38030365650406,0.585890505163317,-2.35590719484231,0.0184775333443143,0.212600324832228,"gene_274","Not sig"
107.218117017358,0.29961896201343,0.847587951193505,0.353496013707522,0.723716616721302,0.93130901467557,"gene_275","Not sig"
100.075933208109,0.155406067423393,0.862839750089749,0.180110000040249,0.857066212095417,0.979218172230511,"gene_276","Not sig"
96.2010463259008,-1.27849467422364,0.941928805837062,-1.35731561270969,0.17468094860673,0.577974137608241,"gene_277","Not sig"
98.2702787611464,-0.361550248777349,0.729125641839218,-0.495868240026971,0.619987375213154,0.894325792670798,"gene_278","Not sig"
82.7400168824119,-0.674957127686732,0.897816980669286,-0.751775854343475,0.452185864828979,0.812101189143717,"gene_279","Not sig"
55.0524042403302,-0.119119994005467,1.52727849919369,-0.0779949394091223,0.93783207849785,0.987173805372528,"gene_280","Not sig"
84.0443893479618,-0.401922574381968,0.814590390347221,-0.49340451243311,0.62172679459526,0.894325792670798,"gene_281","Not sig"
121.209816294045,-1.16861356639746,0.711936609018697,-1.64145733144447,0.100702517322886,0.459989476321777,"gene_282","Not sig"
82.7587636958089,0.265468761389936,0.874318566151652,0.303629331078267,0.761410302941889,0.940762140766048,"gene_283","Not sig"
100.265505954398,-0.967129054778048,0.814655076578765,-1.18716384710891,0.235162998137654,0.641516514859094,"gene_284","Not sig"
146.264083209975,0.228043916708055,0.6871482270299,0.331870050358337,0.73998738626793,0.935274678682401,"gene_285","Not sig"
114.615374876501,0.722851963184768,0.772327086397217,0.935940194143336,0.349303980862147,0.752494522486159,"gene_286","Not sig"
61.2394888859216,0.355129373900765,0.646632833835549,0.549197868277566,0.582869667186202,0.879701442142138,"gene_287","Not sig"
60.7884873463848,0.446345428979863,0.693700752627852,0.64342647357529,0.51994740997453,0.847086742800751,"gene_288","Not sig"
28.9645316524916,-0.236503239327147,0.742264719635194,-0.318623845470363,0.750011769107292,NA,"gene_289","Not sig"
65.3163503752338,0.779665850440691,0.642074241059022,1.21429236774042,0.224636099096868,0.631681741220026,"gene_290","Not sig"
141.966363991694,1.39261290861612,0.731815741416402,1.90295566192764,0.0570463309370851,0.365722037704766,"gene_291","Not sig"
75.7418900865634,-0.923126803420586,0.665628432024189,-1.38685001873093,0.165487501250025,0.577974137608241,"gene_292","Not sig"
110.078307574284,-0.463707954513068,0.729870180385158,-0.635329359898449,0.525213628902651,0.847086742800751,"gene_293","Not sig"
80.8993717350094,0.461764506930165,0.707068260823648,0.653069204933999,0.513711664249303,0.847086742800751,"gene_294","Not sig"
65.7752303194804,1.413066511229,0.798300342491828,1.77009383062299,0.0767115111206088,0.421788178822341,"gene_295","Not sig"
78.8061460316135,-0.351661694285605,0.729519746632462,-0.48204547705379,0.629773640573503,0.89784055463686,"gene_296","Not sig"
115.397958525044,-0.570360650477069,0.800640921806362,-0.71238008818017,0.476229442300684,0.824340521362955,"gene_297","Not sig"
117.351110714662,-2.76172656766274,0.932364184406117,-2.96206848552624,0.00305579806359589,0.0884161492930489,"gene_298","Not sig"
89.4264548927863,-0.0928240027543841,0.811495269800785,-0.114386375631212,0.908931513776269,0.980682490080122,"gene_299","Not sig"
150.616664465587,0.872407967668425,0.791467958824288,1.10226567979375,0.270346185295229,0.672492213826698,"gene_300","Not sig"
57.7154581961737,-1.01526581849499,0.653048751879482,-1.55465547644497,0.120028143753104,0.493224893237543,"gene_301","Not sig"
91.9065023829567,-1.41865473996046,0.588054817554023,-2.41245322308772,0.0158455705730317,0.204443463903665,"gene_302","Not sig"
134.276762816785,-0.267297581327018,0.71885188153806,-0.371839579462609,0.71001229305911,0.925856030149079,"gene_303","Not sig"
87.9331344695057,-0.69836009195491,0.820972811414169,-0.850649476140322,0.394964096821068,0.785856712990517,"gene_304","Not sig"
106.339019513769,-1.79603260498003,0.652460366447555,-2.75270759319662,0.00591046606986178,0.115608716326496,"gene_305","Not sig"
89.3418088825749,-0.212737138930478,0.672809157689914,-0.316192394974095,0.751856479801271,0.938164110962693,"gene_306","Not sig"
73.5309561467584,-0.729645283993819,0.654937254914364,-1.11406898679053,0.265249592189949,0.668593044231367,"gene_307","Not sig"
59.2879996746981,-0.668621561004795,0.787654418755082,-0.848876798103383,0.395949850607281,0.785856712990517,"gene_308","Not sig"
116.350598897061,-1.63785329555757,0.739260556939509,-2.21552912593928,0.0267237674661977,0.258770738435063,"gene_309","Not sig"
117.991469550329,-1.30286857533929,0.934698249451296,-1.39389217440401,0.163350167781605,0.577974137608241,"gene_310","Not sig"
83.0051723597172,-1.38313768794335,0.819393036750647,-1.68800273605969,0.0914107037257432,0.445853027320941,"gene_311","Not sig"
82.6559579873507,0.15283959619602,0.625534850638677,0.244334262175751,0.806971950051203,0.959991086304259,"gene_312","Not sig"
113.849944268811,0.386433646702776,0.881515887177314,0.438374001335549,0.661115189845557,0.905275508881136,"gene_313","Not sig"
113.644150625994,1.03204339523014,0.747827937884099,1.38005461276319,0.167569830381002,0.577974137608241,"gene_314","Not sig"
117.120070930316,-0.703536943028037,0.827042692493608,-0.850665811346219,0.394955020017656,0.785856712990517,"gene_315","Not sig"
103.183723590467,0.423342695681311,0.601832165397404,0.703423180118277,0.481792064985653,0.831027582991126,"gene_316","Not sig"
133.211052535158,-0.902740859105691,0.801365445043147,-1.12650335086146,0.259952523045384,0.666179126695686,"gene_317","Not sig"
151.970715460966,0.115985857757401,0.735009637216143,0.157801819030155,0.874612965239494,0.980682490080122,"gene_318","Not sig"
110.611391182416,-0.148930262495686,0.696086286602676,-0.213953737291042,0.830583134045474,0.972883851166777,"gene_319","Not sig"
97.4586069107584,-0.666548535822963,0.842045836756363,-0.791582247340084,0.428604301581399,0.803017254686988,"gene_320","Not sig"
99.5258608223437,-1.19254044928112,0.879711373873957,-1.35560421826714,0.175225128990317,0.577974137608241,"gene_321","Not sig"
49.1230482035702,-1.5763860503743,0.93937448970073,-1.6781231209254,0.0933230659550286,0.445853027320941,"gene_322","Not sig"
67.3902774704446,0.54381688138939,0.666301558453894,0.816172308903612,0.414401592106129,0.800958017944257,"gene_323","Not sig"
96.1176405602974,0.265463474062292,1.4499967942414,0.183078662736752,0.854736297476799,0.979218172230511,"gene_324","Not sig"
71.7439212659436,-1.7194043210532,0.787237345747076,-2.18409902724002,0.0289549721607092,0.269694883554034,"gene_325","Not sig"
103.828444534173,0.380051813308152,0.860155479434052,0.441840832727371,0.658604388389131,0.903387225588457,"gene_326","Not sig"
80.0096280195542,-0.232410417207719,0.77949863541862,-0.298153719131151,0.765585842965348,0.942855102854599,"gene_327","Not sig"
116.350638564341,0.115925022642847,0.802049891415467,0.144535924614691,0.88507729052528,0.980682490080122,"gene_328","Not sig"
93.0860930731141,-0.420231755465998,0.673604620287983,-0.623855215372986,0.532722674052158,0.851311724220606,"gene_329","Not sig"
74.6271861339298,-1.00270158921855,0.713178354137997,-1.40596189354413,0.15973544058481,0.57460852535984,"gene_330","Not sig"
76.2826479883967,0.642083446929112,0.67270770392943,0.95447613157775,0.339842685561488,0.750262181668478,"gene_331","Not sig"
80.6980098761754,-0.224698066192206,0.6291825451388,-0.357126986322605,0.720996742636782,0.93130901467557,"gene_332","Not sig"
90.3578865562363,1.31446463844324,0.6957546022449,1.88926474104811,0.0588563635648301,0.367335677603561,"gene_333","Not sig"
74.8759842819367,-1.81558413631305,0.790476730075281,-2.29682173710559,0.0216289410164039,0.230018223447154,"gene_334","Not sig"
101.890745397795,0.725205878116135,0.916112561003993,0.79161219809208,0.428586832195033,0.803017254686988,"gene_335","Not sig"
78.0975489950938,0.460961497865796,0.578140389870747,0.797317582272451,0.425266611555907,0.802916498265787,"gene_336","Not sig"
76.5653243760563,-0.674697861249959,0.882755473790933,-0.764308895590888,0.444683185512465,0.811380886998491,"gene_337","Not sig"
96.0973127330433,-0.79432432611258,0.721357357155808,-1.10115231824136,0.270830369993817,0.672492213826698,"gene_338","Not sig"
65.1150502366827,-0.45052450719041,0.697232818133002,-0.64616078800879,0.518175231099293,0.847086742800751,"gene_339","Not sig"
130.762695904346,-0.248445630894495,0.798567537133189,-0.311114112885681,0.755713872657793,0.939120924344754,"gene_340","Not sig"
81.4888411533452,-1.22701107964821,0.716204206996612,-1.71321400748769,0.0866731755863249,0.440413935277951,"gene_341","Not sig"
78.8267682222324,-0.587880324536233,0.727086130239009,-0.808542894832808,0.418778123254852,0.801012195764973,"gene_342","Not sig"
34.6157585590748,0.049450086102469,0.700177650236108,0.0706250564921543,0.943696168005921,NA,"gene_343","Not sig"
117.878162224594,1.11331982280417,0.708798821047898,1.57071342353281,0.116249229750805,0.489396662761703,"gene_344","Not sig"
43.5226314323212,-0.0323017864262551,0.611551130315712,-0.052819437042949,0.95787577459633,NA,"gene_345","Not sig"
62.1032035966289,0.533492093702935,0.730999498699644,0.729811846180402,0.465505202429058,0.819605877505758,"gene_346","Not sig"
83.8902812675909,0.425629641622864,0.906203169645942,0.469684565094999,0.638580396940757,0.899967270086859,"gene_347","Not sig"
93.2969485249023,-0.720329256116137,0.733976000639821,-0.981407097082482,0.326392027726406,0.732136245679874,"gene_348","Not sig"
55.9592607001194,-1.76857247782267,0.75933572573807,-2.3291047923547,0.0198535148750074,0.21809483843369,"gene_349","Not sig"
114.205601987918,-1.60470695621072,0.868826589897877,-1.8469818659663,0.0647497685209884,0.38849861112593,"gene_350","Not sig"
63.958760462003,-0.20657854539768,0.639883643052341,-0.322837671568334,0.746818181518893,0.935274678682401,"gene_351","Not sig"
106.975516637503,1.21791224546633,0.71489523517631,1.70362339198689,0.0884514684562002,0.441354776276346,"gene_352","Not sig"
95.813921471316,-1.40506357538219,0.947525153403615,-1.48287733611614,0.138107003950583,0.529203980107996,"gene_353","Not sig"
114.942983957489,0.859991006273929,0.926888775184884,0.92782546223239,0.35349811387808,0.756501434076066,"gene_354","Not sig"
130.448761615824,-0.500168782543108,0.882486993100993,-0.566771846444504,0.570869200619058,0.870996220694652,"gene_355","Not sig"
111.135382591913,-0.0222240906909331,0.821931807695601,-0.027038849796118,0.978428747692762,0.996832817289684,"gene_356","Not sig"
42.6514089921387,1.69439545617999,0.929327850861474,1.82324833438416,0.0682657875116783,NA,"gene_357",NA
84.2009281309286,0.179580667528805,0.639234640522693,0.280930750845987,0.778763514270278,0.943597243682977,"gene_358","Not sig"
55.8582706494294,-0.0531444232538735,0.883252977868711,-0.0601689715013596,0.952021058079743,0.992618971004252,"gene_359","Not sig"
141.088749719743,1.39116768679936,0.758698657704739,1.83362349817253,0.0667099016651289,0.395407780778764,"gene_360","Not sig"
100.222294116837,-2.03558362469731,0.691152608051208,-2.94520139399734,0.00322744510474555,0.0884161492930489,"gene_361","Not sig"
74.6534450186611,-0.575774817271514,0.79518015156453,-0.724080972266056,0.469016025474287,0.819605877505758,"gene_362","Not sig"
59.8574999945167,-0.701073210643038,0.8985350318125,-0.780240264231938,0.435249466479791,0.807354546134216,"gene_363","Not sig"
65.5388957489364,-0.332196450937356,0.780636256009496,-0.425545762677612,0.670438868779725,0.906363447869885,"gene_364","Not sig"
104.739199136265,-0.661331107546304,0.733841559055499,-0.901190589965332,0.367486993324294,0.763062164482292,"gene_365","Not sig"
93.8251543863593,-0.653338966168472,0.733670895133838,-0.890506861457668,0.373193785769295,0.76838636312078,"gene_366","Not sig"
80.5941111015591,-0.545234319236145,0.675162447891394,-0.807560196718539,0.419343808007838,0.801012195764973,"gene_367","Not sig"
76.3867201690767,-0.327890755767933,0.60789390430711,-0.539388129153342,0.589619070289011,0.88029924007208,"gene_368","Not sig"
101.541425125087,-0.743011357770874,0.782884282157633,-0.949069197970268,0.342585419090238,0.751229910022988,"gene_369","Not sig"
115.155600361589,-0.226613726936805,0.662115127389816,-0.342257286629531,0.732157276921236,0.932356532329387,"gene_370","Not sig"
112.322649143882,-0.479535422467394,0.685668753935655,-0.699368929552234,0.484321499940461,0.832454177402058,"gene_371","Not sig"
130.147972289072,-0.141636472834366,0.837488899308999,-0.169120418134769,0.865701924909276,0.980682490080122,"gene_372","Not sig"
83.3086213198127,0.26892468720151,0.750577309132563,0.35829045713133,0.720125958835911,0.93130901467557,"gene_373","Not sig"
90.6752392917279,0.780688185420877,0.684836117258027,1.13996351206859,0.25430150288247,0.656339260473106,"gene_374","Not sig"
128.518567975792,1.45329971228256,0.671390155257847,2.16461278274839,0.0304173512606074,0.277758674869168,"gene_375","Not sig"
91.287621108844,-0.657588126320646,0.889767417840834,-0.739056199558747,0.459872872153489,0.817737579938385,"gene_376","Not sig"
72.6890992600829,-0.143918180631891,0.651608868521924,-0.220865902206561,0.825196847869059,0.971960822575208,"gene_377","Not sig"
109.555940624074,1.49210048749511,0.882055769573413,1.69161694641681,0.0907190332278609,0.445853027320941,"gene_378","Not sig"
108.08123768945,0.434427273361938,0.827635389156579,0.524901761154331,0.599651485055731,0.883221615036905,"gene_379","Not sig"
130.618579236661,0.182801177687307,0.741800548745127,0.246429013832012,0.805350148813686,0.959991086304259,"gene_380","Not sig"
52.6217007675803,0.303928765884742,0.883065933218551,0.344174488508462,0.730715066851263,0.932356532329387,"gene_381","Not sig"
121.972498158028,0.142767600065322,0.627674704959256,0.22745476110048,0.820070142736258,0.968633574391377,"gene_382","Not sig"
70.7686654848057,-3.80939965756374,0.900603034323276,-4.22983213733692,2.33865755275803e-05,0.00470100090581287,"gene_383","Significant"
54.9068666307081,1.25158009051972,0.762496641713605,1.64142374149605,0.100709484931007,0.459989476321777,"gene_384","Not sig"
74.7996684460351,-0.276342283980395,0.679906729070665,-0.406441460519321,0.684418261307465,0.906999114937925,"gene_385","Not sig"
81.029681815979,0.0397754216636838,0.701622873376527,0.0566905999974979,0.954791662089842,0.993389622897729,"gene_386","Not sig"
74.9828691697276,1.07737105186472,0.769357701830036,1.40035129212593,0.161408148174247,0.57460852535984,"gene_387","Not sig"
152.938160857284,-0.910961013488587,0.770940220126486,-1.18162341217472,0.237355159615367,0.643028659567394,"gene_388","Not sig"
68.6280952524474,-1.41523230564322,0.638238223628457,-2.2174044945122,0.0265954628627099,0.258770738435063,"gene_389","Not sig"
104.091684577695,-1.16350479422227,0.854222197256468,-1.36206340453237,0.173177876183903,0.577974137608241,"gene_390","Not sig"
93.1725159259068,-0.5030147444108,0.891051608229885,-0.564518081517256,0.572401598130062,0.870996220694652,"gene_391","Not sig"
131.825232441482,1.45231892893951,0.621157922842931,2.33808324023704,0.01938293045557,0.215414840744857,"gene_392","Not sig"
71.2767361301818,-1.6577467917938,0.754993222046852,-2.19571082678001,0.0281126477392337,0.269074117174705,"gene_393","Not sig"
112.800547244645,0.558593437655122,0.680370891786234,0.821013133275881,0.411638787474109,0.798775266169998,"gene_394","Not sig"
56.2368822366544,-0.177765451061945,0.867163179936779,-0.204996539492031,0.837574828699924,0.974648440331139,"gene_395","Not sig"
78.0305332103797,-0.226196002940935,0.805867704500528,-0.280686273538074,0.778951037818724,0.943597243682977,"gene_396","Not sig"
55.7135697638371,0.129029996452434,0.841921243987206,0.153256610845652,0.878195915910768,0.980682490080122,"gene_397","Not sig"
48.9399358778732,1.19693331055979,0.764701842802797,1.56522875134284,0.117529282307595,0.491212128618921,"gene_398","Not sig"
71.1256762188888,-3.05124966556679,0.735988816723133,-4.14578264810051,3.38654959162542e-05,0.00484670790770845,"gene_399","Significant"
75.7440820342202,1.02366826963188,0.587233406303599,1.74320510148676,0.0812977946779964,0.427469049435917,"gene_400","Not sig"
112.28715047553,-0.366097046997178,0.779561443345082,-0.469619232867987,0.638627081227281,0.899967270086859,"gene_401","Not sig"
83.6725883146547,-0.439554308720055,0.931824362554636,-0.471713690244155,0.637131163987702,0.899967270086859,"gene_402","Not sig"
63.4502258605494,0.389927276360193,0.703891902319709,0.553959031315987,0.579606883993474,0.87748534449786,"gene_403","Not sig"
58.3350611353804,-0.80346819868001,0.83760785007915,-0.959241485862491,0.337437105502192,0.750030657229872,"gene_404","Not sig"
82.8071740300378,0.157576111395886,0.633950948275865,0.24856199335996,0.803699610807831,0.959991086304259,"gene_405","Not sig"
83.5438406771942,0.672152563361834,0.927412744383846,0.724760973398526,0.468598681721749,0.819605877505758,"gene_406","Not sig"
85.1033030152313,0.202634740672823,0.654904609575549,0.309411077140155,0.757008845197942,0.939536358633994,"gene_407","Not sig"
102.553409908612,0.0605250746809472,0.797477232501151,0.0758956772861348,0.939502095968034,0.987173805372528,"gene_408","Not sig"
64.7063867737088,-0.431334022003682,0.653993684964538,-0.65953851225195,0.509550023866083,0.847086742800751,"gene_409","Not sig"
121.232916525296,0.629847532446581,0.761498825012705,0.82711556703462,0.408171561679937,0.794156531467509,"gene_410","Not sig"
89.5297990499463,1.06699180245706,0.930770869796,1.14635281043004,0.251649199832102,0.65281940964402,"gene_411","Not sig"
50.026338180917,-0.629771899949335,0.834832576454269,-0.754369100717325,0.450627620176617,0.812101189143717,"gene_412","Not sig"
88.6971162933007,0.955324382408265,0.640254760310165,1.49210039757528,0.135672827688127,0.524458598731179,"gene_413","Not sig"
84.9005058363985,1.40471658290684,0.748922308058903,1.87565060860272,0.0607032722227523,0.373382391407873,"gene_414","Not sig"
74.9965825133079,-0.0125046830260391,0.734775415980018,-0.0170183742597876,0.986421957354889,0.996832817289684,"gene_415","Not sig"
98.6668879751308,0.962322299395884,0.750929495785651,1.28150819057795,0.200015224891735,0.600063857481045,"gene_416","Not sig"
52.1954666207754,-0.919687268961063,0.585105991006249,-1.57183020358313,0.115989934847634,0.489396662761703,"gene_417","Not sig"
91.9632178053188,0.132089067670954,0.796978702087314,0.165737261642009,0.8683637210157,0.980682490080122,"gene_418","Not sig"
76.1891151767964,-0.537926286745397,0.732249739781653,-0.734621342311161,0.46257013638884,0.819605877505758,"gene_419","Not sig"
53.7576640864905,-0.703223571711289,0.65618231479495,-1.07168930929057,0.283859604207093,0.6881729750891,"gene_420","Not sig"
108.340013481117,0.542437564450457,0.727297421558195,0.74582632685307,0.455772334233578,0.813403910365766,"gene_421","Not sig"
110.523778004164,-0.274640083126629,0.745346686238801,-0.368472937758038,0.712520620399058,0.926655806848775,"gene_422","Not sig"
97.4916946882369,0.751118108879761,0.767297519733544,0.97891377146716,0.327622587057287,0.733214851583585,"gene_423","Not sig"
99.4812219188805,0.395978191916203,0.887814420321813,0.446014598155174,0.655586701023864,0.901777487484303,"gene_424","Not sig"
79.6239883469893,0.480429010765721,0.759349176634988,0.632685233023778,0.526939214990552,0.847086742800751,"gene_425","Not sig"
98.4147813256667,-2.20626768475098,0.769068466684102,-2.86875327792787,0.00412093111345157,0.103203774079588,"gene_426","Not sig"
157.096155444415,0.737119800071987,0.684809140286677,1.07638721025746,0.281754119925884,0.685461515640584,"gene_427","Not sig"
105.504845224022,0.374332249651566,0.646620377136541,0.578905742669661,0.562652775118282,0.869311870561895,"gene_428","Not sig"
141.445378550233,-0.24764625601185,0.645060431350906,-0.383911714276478,0.701043883723756,0.919062893139187,"gene_429","Not sig"
57.9651453806303,2.41174406194792,0.805810825913644,2.99294075531119,0.00276303379804642,0.0884161492930489,"gene_430","Not sig"
90.2929007401831,-0.0282752746559256,0.622928442601515,-0.0453908871745213,0.963795744483862,0.99645160249221,"gene_431","Not sig"
78.9557446035078,-0.613821804095837,0.768010299635425,-0.799236422203216,0.424153336350482,0.802736158216325,"gene_432","Not sig"
72.8237415947913,-0.262682525127651,0.738936934955956,-0.35548706892464,0.722224730656849,0.93130901467557,"gene_433","Not sig"
54.0128753567294,-0.311293863323303,0.604352930176946,-0.51508621499057,0.606492775098771,0.887399159276908,"gene_434","Not sig"
87.8314933893963,0.278080411385939,0.649357046105905,0.428239614944574,0.668476677291445,0.906276774239641,"gene_435","Not sig"
70.6901202827685,-0.434160506671844,0.887139513209703,-0.489393720161371,0.624562981154391,0.896317483432283,"gene_436","Not sig"
88.7404209542664,1.64936935007105,0.718157444693445,2.29666817806937,0.0216377060911433,0.230018223447154,"gene_437","Not sig"
81.2232177031461,0.191653870820415,0.83103265985181,0.230621346283299,0.817608982660457,0.966894298720589,"gene_438","Not sig"
146.985109543405,1.0130338762268,0.702262638756653,1.44252850759705,0.149153335396703,0.552545310674151,"gene_439","Not sig"
121.85438529982,-1.25892229028102,0.752586128195996,-1.67279497072149,0.0943676652918557,0.445853027320941,"gene_440","Not sig"
137.284889065942,-0.900735864687918,0.882778792596504,-1.02034153090447,0.307566513178302,0.713195386960822,"gene_441","Not sig"
111.893780843879,-0.940951604669787,0.619543400368368,-1.51878238733609,0.128817280631345,0.511885592789252,"gene_442","Not sig"
67.7797377072073,-0.642919212077984,0.683522702965315,-0.940596719448846,0.346911563703867,0.752494522486159,"gene_443","Not sig"
87.340274016989,-2.49457086155289,0.619368842315234,-4.02760147286075,5.63487505223109e-05,0.00612323089009112,"gene_444","Significant"
84.4051472938648,-0.654903630319724,0.685315191227473,-0.955623979597945,0.339262242030606,0.750262181668478,"gene_445","Not sig"
91.1176946128217,1.5145954626046,0.750066833977088,2.01928067472833,0.0434580553260264,0.317380844104619,"gene_446","Not sig"
102.218776792974,-0.31742220438106,0.740597618627139,-0.42860278833933,0.668212316006394,0.906276774239641,"gene_447","Not sig"
81.7747277119597,0.235533926885929,0.609474865496877,0.386453880577846,0.699160552537576,0.919057823093749,"gene_448","Not sig"
114.141690188037,1.63886991356054,0.690115325071075,2.37477687282448,0.0175595613168792,0.204443463903665,"gene_449","Not sig"
48.846826237411,0.625058290684785,0.682651630589646,0.915632897770838,0.359859470567748,0.761381976084378,"gene_450","Not sig"
81.5495573941386,0.254446830346951,0.628917571878575,0.404578980973483,0.68578701135065,0.907577397971496,"gene_451","Not sig"
97.7818336612807,-0.859639178851131,0.764599980609972,-1.12429924228528,0.260886099718249,0.666179126695686,"gene_452","Not sig"
35.4353768057687,0.776465878169342,0.766578931552399,1.01289749327825,0.311109125864569,NA,"gene_453","Not sig"
117.52287988975,-0.844109398381084,0.766127693918518,-1.10178682363473,0.270554360067391,0.672492213826698,"gene_454","Not sig"
89.5155285848661,0.897081383269646,0.756697527643304,1.18552175803132,0.235811217141729,0.641516514859094,"gene_455","Not sig"
68.3192396516029,0.42854291199306,0.724076353042117,0.591847683179529,0.553952589578714,0.861941262546592,"gene_456","Not sig"
102.21697291198,-0.284882878124349,0.728340142679005,-0.39113988290757,0.695693841903364,0.916965737710903,"gene_457","Not sig"
113.98182799503,-1.52623048009107,0.728338468022824,-2.09549618357278,0.0361269073579921,0.293123199137582,"gene_458","Not sig"
34.4227574030311,0.138179680096583,0.683376905169586,0.202201272901215,0.839759378052627,NA,"gene_459","Not sig"
72.5742432527753,-0.168030341014535,0.64963233288255,-0.258654522734345,0.795901811247991,0.954288456467236,"gene_460","Not sig"
66.748034931717,-1.52887032278423,0.685274202426906,-2.23103440545364,0.0256788500871145,0.253675912981798,"gene_461","Not sig"
36.7111753649772,0.100907384423862,0.80166758754613,0.125871852612546,0.899833363793693,NA,"gene_462","Not sig"
104.022747133412,0.346170145588438,0.823223801916664,0.420505511116746,0.674116204229067,0.906857837326035,"gene_463","Not sig"
120.178808151189,-0.772688490943046,0.772586612065456,-1.00013186725734,0.317246696038939,0.717640662360266,"gene_464","Not sig"
129.802775758287,-1.38788905969137,0.656365192893129,-2.11450740337681,0.0344719531148729,0.293123199137582,"gene_465","Not sig"
65.9288255038526,0.575965880355144,0.730252505061633,0.788721539964498,0.430274775617513,0.803070096476961,"gene_466","Not sig"
71.7392638119247,-0.11303938153132,0.748756243754905,-0.15096953444347,0.879999748400949,0.980682490080122,"gene_467","Not sig"
61.3589336096773,0.927248030371173,0.803407326167821,1.1541443551356,0.248440991282606,0.646728719745627,"gene_468","Not sig"
83.4061945052068,0.669100179452851,0.77657924149711,0.861599362562077,0.388908021907085,0.785856712990517,"gene_469","Not sig"
87.2129542573053,-0.66489547571717,0.6961476057348,-0.95510703511701,0.33952357164523,0.750262181668478,"gene_470","Not sig"
123.659711138527,0.0705632521160552,0.657410241362378,0.107335188405073,0.914523069471905,0.980682490080122,"gene_471","Not sig"
84.7997641982505,-0.378334886443771,0.740774172272851,-0.510729046185506,0.609540798866063,0.889747613867179,"gene_472","Not sig"
75.6360522148868,-0.609862145406723,0.965190305913878,-0.631856890470199,0.52748039505691,0.847086742800751,"gene_473","Not sig"
71.5863937791795,0.250274431672185,0.585504536046368,0.427450884261578,0.669050951943784,0.906276774239641,"gene_474","Not sig"
87.2837439327871,-0.672615780123718,0.665898798705266,-1.01008709045806,0.312453566647953,0.713195386960822,"gene_475","Not sig"
90.056632769129,-0.964803366416205,0.643391170796681,-1.49955953735196,0.133728535559684,0.522721881635173,"gene_476","Not sig"
101.737043048258,-0.0113248983899459,0.765795420814899,-0.0147884122601501,0.9882009842489,0.996832817289684,"gene_477","Not sig"
109.199615597048,0.812851675571542,0.72636283281539,1.11907112926046,0.263109795388385,0.668367220493093,"gene_478","Not sig"
65.6347549429205,0.347661238325743,0.798310108697259,0.435496475039107,0.663202097057823,0.905275508881136,"gene_479","Not sig"
110.589962727092,0.633851704162439,0.793147274757044,0.799160161467616,0.424197548865436,0.802736158216325,"gene_480","Not sig"
88.9311646000689,-1.5659532234168,0.725584176484453,-2.1581964907284,0.0309125581366134,0.277758674869168,"gene_481","Not sig"
115.646008974676,0.198062254708107,0.710887491379817,0.278612659682156,0.780542096257186,0.943597243682977,"gene_482","Not sig"
96.490981106973,0.562124447095152,0.686147628536329,0.819247088697602,0.412645453845817,0.799143076952889,"gene_483","Not sig"
121.19144376793,-0.977378494470729,0.783748478417907,-1.24705632149193,0.212376846952989,0.611851871900528,"gene_484","Not sig"
112.298895884898,0.449854585254719,0.652565815164195,0.689362781195532,0.490594998958816,0.835891827494289,"gene_485","Not sig"
82.0971011383038,-0.0635256850353735,0.883747807064553,-0.0718821416331201,0.942695702192528,0.987173805372528,"gene_486","Not sig"
69.3557752764896,-0.297687281276981,0.70608142570167,-0.421604747612719,0.673313540371397,0.906857837326035,"gene_487","Not sig"
46.9442860107917,1.31169846258488,0.808413493175903,1.62255884353414,0.104683744534451,0.467491790660697,"gene_488","Not sig"
72.8294498822183,0.662301006277371,0.777989882642548,0.851297711003356,0.394603996130744,0.785856712990517,"gene_489","Not sig"
86.110614702884,-0.797957858191855,0.617217556923304,-1.29283078428537,0.196069590763212,0.599159052239651,"gene_490","Not sig"
116.374598757475,-0.00297464520554998,0.684274509331315,-0.00434715185935664,0.996531485572465,0.998912043830017,"gene_491","Not sig"
71.5742054489749,0.485411225645898,0.623504689875868,0.778520568534196,0.436262185727513,0.807354546134216,"gene_492","Not sig"
74.0411660749301,0.909269622200328,0.810269412244277,1.12218184280441,0.261785131146305,0.666734005888245,"gene_493","Not sig"
85.641763000509,-0.598211299787866,0.592089983751779,-1.01033848942571,0.312333146736504,0.713195386960822,"gene_494","Not sig"
58.4295099103768,-0.785747013349373,0.67851033635801,-1.15804722676292,0.246844764283507,0.646728719745627,"gene_495","Not sig"
86.7821670575861,-0.759416486487371,0.752438574382648,-1.00927372989941,0.312843375261955,0.713195386960822,"gene_496","Not sig"
75.9126548230068,0.00950339823262406,0.623751949130108,0.0152358613802772,0.987844011733872,0.996832817289684,"gene_497","Not sig"
66.9246899776043,0.47325708948983,0.712610236497337,0.664117725583077,0.506614966060171,0.846956302233927,"gene_498","Not sig"
109.486261696065,-2.25629419836086,0.724865311232731,-3.11270820026375,0.00185379206356353,0.0761069048453907,"gene_499","Not sig"
148.93875064345,0.547485180975633,0.703906261609487,0.777781376349464,0.436697908900818,0.807354546134216,"gene_500","Not sig"
98.4531152689126,-0.233266161633699,0.812997007667358,-0.286921304056191,0.774172577734416,0.943597243682977,"gene_501","Not sig"
94.4103242994345,-0.0468002965850212,0.913066039906461,-0.05125620112847,0.959121368634879,0.994817979388421,"gene_502","Not sig"
128.486940631012,-0.723170753921824,0.769799130601019,-0.939427865237013,0.347511111877557,0.752494522486159,"gene_503","Not sig"
126.42398686906,-0.537471160232088,0.697730649540503,-0.770313244209703,0.441114101916163,0.810721261485919,"gene_504","Not sig"
79.3689259949631,0.835688018608453,0.642658369976136,1.30036121468314,0.193477196533356,0.594621548175318,"gene_505","Not sig"
88.5983921203957,-0.570374568290793,0.787299494143968,-0.724469623736976,0.468777469429565,0.819605877505758,"gene_506","Not sig"
63.6952539139611,0.121099347424008,0.794828254682181,0.152359137600652,0.878903684225244,0.980682490080122,"gene_507","Not sig"
132.870046579909,-0.101693369133549,0.863504725244658,-0.117768167516091,0.906251352626461,0.980682490080122,"gene_508","Not sig"
69.3013702658154,0.177305744353931,0.652121025196006,0.271890856916687,0.785705941630754,0.945978359009722,"gene_509","Not sig"
76.8037316051505,0.496716720359971,0.805829528201716,0.616404218232659,0.53762777002253,0.851677529011418,"gene_510","Not sig"
94.338953555715,-0.476972847004603,0.672399464844038,-0.709359349527793,0.478101507056148,0.826118858482178,"gene_511","Not sig"
146.192705704161,0.843594341357938,0.704319159408008,1.19774441755495,0.231016531624175,0.638043585568198,"gene_512","Not sig"
48.0294214949016,0.0358149082260033,0.700367520536335,0.0511373060226673,0.95921610896041,0.994817979388421,"gene_513","Not sig"
100.870077672247,0.478445562709871,0.777410915044514,0.615434583501411,0.53826775820015,0.851677529011418,"gene_514","Not sig"
87.1511919614162,0.187326080230024,0.792765439774337,0.23629445840039,0.813204186759665,0.962849509262654,"gene_515","Not sig"
134.669234695772,-1.78099392120448,0.715426606435076,-2.48941527360725,0.0127953412272115,0.180924873629949,"gene_516","Not sig"
87.6559840579057,-0.625352879896119,0.929899427241709,-0.672495176979576,0.501268509524392,0.845242417784234,"gene_517","Not sig"
73.838791839314,0.83803287151151,0.690340596697976,1.21394116979354,0.224770190127371,0.631681741220026,"gene_518","Not sig"
102.643865435209,-0.696477504901508,0.745357523628189,-0.934420707945971,0.350086919970555,0.752494522486159,"gene_519","Not sig"
99.4935969907272,0.161223715300579,0.746055419352059,0.216101526935627,0.828908609512998,0.972883851166777,"gene_520","Not sig"
59.42907983037,1.45546978471393,1.42115713844367,1.02414416065759,0.305767188664685,0.713195386960822,"gene_521","Not sig"
156.974978086778,1.80893033920923,1.02928749352091,1.75745877667413,0.0788396424288989,0.421788178822341,"gene_522","Not sig"
124.537681391455,0.0516801303001799,0.719779037913859,0.0717999935785361,0.942761077932455,0.987173805372528,"gene_523","Not sig"
100.046747185667,0.0141548301467237,0.756472479844114,0.0187116260325036,0.985071153646492,0.996832817289684,"gene_524","Not sig"
92.0872564253464,-1.6115168701988,0.648411581886002,-2.48533017487359,0.0129431326384649,0.180924873629949,"gene_525","Not sig"
93.8627989834667,0.633972515558752,0.78478602451297,0.807828498159341,0.419189317185165,0.801012195764973,"gene_526","Not sig"
113.319759143297,-0.920950516271049,0.750009308722747,-1.22791878122075,0.21947745841232,0.625798700662533,"gene_527","Not sig"
186.296074391976,0.963325837705845,0.675575590334693,1.42593345805848,0.153887550511479,0.563938511100916,"gene_528","Not sig"
123.09906095181,1.31337471693765,0.843094208611091,1.55780303496723,0.11927994635443,0.493224893237543,"gene_529","Not sig"
155.339170889881,0.896474158057036,0.668207805327241,1.34160982692803,0.17972253823815,0.578186323674048,"gene_530","Not sig"
145.446554445076,0.362300263304437,0.810043969872022,0.447259996715581,0.654687346739147,0.901777487484303,"gene_531","Not sig"
65.9531729444782,1.27689786186593,0.676171082429442,1.88842423914095,0.0589690198197946,0.367335677603561,"gene_532","Not sig"
79.9026026998603,-0.479317767928699,0.747680356948226,-0.641073104936324,0.521475187193477,0.847086742800751,"gene_533","Not sig"
42.3167352791987,0.189651026754971,0.766653019918998,0.24737530776962,0.804617781992052,NA,"gene_534","Not sig"
140.893556720555,-1.01487687617827,0.806230032411675,-1.25879319223878,0.208105039933215,0.609361464235583,"gene_535","Not sig"
43.8543882573358,0.124827337993545,0.84549520761716,0.147638137826166,0.882628355269734,0.980682490080122,"gene_536","Not sig"
84.0305917959156,0.807058793431644,0.691903450889608,1.16643267553295,0.243439553855062,0.646728719745627,"gene_537","Not sig"
104.378282901521,-1.78285083300514,0.724495257922283,-2.46081780868797,0.0138620739432725,0.188293171062785,"gene_538","Not sig"
205.290647883204,-0.00428464126502845,0.92736056477569,-0.00462025389883256,0.996313583862635,0.998912043830017,"gene_539","Not sig"
43.6125171519032,2.13173815977271,0.828651327670102,2.57253936437472,0.0100955474562065,NA,"gene_540",NA
117.835724592801,-0.291140489418313,0.803549382760011,-0.362318104729682,0.717114330358694,0.928924258398414,"gene_541","Not sig"
117.695404161108,0.941442976177502,0.708618084455208,1.32856188238731,0.183992554745061,0.584236099158018,"gene_542","Not sig"
53.1978002837742,-0.198363813619925,0.694109360904079,-0.285781787125815,0.775045258400821,0.943597243682977,"gene_543","Not sig"
65.3204439779742,-0.580118654278584,0.632378176453873,-0.917360332596643,0.358953851799308,0.761381976084378,"gene_544","Not sig"
96.6607216941593,-1.52680295534863,0.67855736483144,-2.2500720417763,0.0244443725189195,0.246353882201706,"gene_545","Not sig"
151.395636316224,0.581778438960119,0.908411022994132,0.640435248179366,0.521889673285022,0.847086742800751,"gene_546","Not sig"
81.8497065260921,-0.0120572063140412,0.849725005058131,-0.014189539253604,0.988678765614513,0.996832817289684,"gene_547","Not sig"
60.8623903035603,1.55587503008894,0.749819614356236,2.07499910685152,0.0379866175484494,0.298607288337813,"gene_548","Not sig"
53.535846211587,0.865238750689253,1.92967940565778,0.448384715177243,0.653875570933196,0.901777487484303,"gene_549","Not sig"
90.5816282094956,0.349785500410862,0.618118138768215,0.565887778520647,0.571470070131529,0.870996220694652,"gene_550","Not sig"
95.2529465125723,-0.186375151125149,0.721692834412444,-0.258247196366975,0.796216135457326,0.954288456467236,"gene_551","Not sig"
103.626594059251,-2.04650401502894,0.731622697666603,-2.79721230841518,0.00515456496360386,0.109590533356621,"gene_552","Not sig"
69.5807593174416,-1.3076322327706,0.724460422472715,-1.80497400852819,0.0710787493684428,0.408590219955776,"gene_553","Not sig"
114.62087934706,-0.0522161134188089,0.693716251512693,-0.0752701314189314,0.93999978572231,0.987173805372528,"gene_554","Not sig"
101.947531650017,1.97191327691498,0.787725111872768,2.50330127501823,0.0123040756450787,0.180924873629949,"gene_555","Not sig"
61.8584283219309,-1.86307413638717,0.892045424849952,-2.08854177655869,0.036748991018092,0.293123199137582,"gene_556","Not sig"
81.8405517825236,0.631939164289189,0.910473823769581,0.694077246145099,0.487633767228121,0.833989984193907,"gene_557","Not sig"
70.1464835001307,-0.799984728073667,0.604643979974706,-1.3230673827384,0.185812970494236,0.585749006786243,"gene_558","Not sig"
113.786192657022,1.18423684515402,0.80914332849373,1.46356869475591,0.143311831323689,0.541154328318794,"gene_559","Not sig"
55.280733260478,0.583071494360677,0.759776985405297,0.767424527935183,0.442829149851722,0.810721261485919,"gene_560","Not sig"
57.4903181399071,-0.363109983426844,0.76141120573515,-0.476890779504956,0.633439898106743,0.899580800191178,"gene_561","Not sig"
106.248728468099,-0.359761354324173,0.799906904275343,-0.449754030626964,0.65288780757175,0.901777487484303,"gene_562","Not sig"
56.5841842670199,1.22913304841224,0.878074913566229,1.39980430988538,0.161571926864986,0.57460852535984,"gene_563","Not sig"
85.7808818073606,0.0218865945705477,0.668854464588832,0.0327225065082016,0.973895875902016,0.996832817289684,"gene_564","Not sig"
112.824705966785,-0.848945421411644,0.586054889519256,-1.44857663777541,0.147455849366552,0.552535711419493,"gene_565","Not sig"
119.123995097331,1.11347250863602,0.723652209857818,1.53868459664456,0.123881314552561,0.502721683122009,"gene_566","Not sig"
69.6826080345037,-0.240703817955015,0.568764679618713,-0.423204581051652,0.672146004736286,0.906701782940811,"gene_567","Not sig"
114.264061658936,1.40467906033469,0.775862664717705,1.81047384313277,0.0702223370774894,0.408590219955776,"gene_568","Not sig"
96.6032191472216,-0.14531079564092,0.795703136029057,-0.182619357724403,0.855096694498877,0.979218172230511,"gene_569","Not sig"
206.089835007044,-0.0244575216069347,0.786086758300871,-0.0311130054649435,0.975179417830243,0.996832817289684,"gene_570","Not sig"
97.2513547666394,-0.428264703534813,0.690647649010056,-0.620091452057599,0.535197579543872,0.851677529011418,"gene_571","Not sig"
93.5133459025346,-0.989479224937754,0.772692750279418,-1.2805597368164,0.200348349860939,0.600063857481045,"gene_572","Not sig"
91.5483387046737,-0.225353874922459,0.771942736056311,-0.291930818694847,0.770339519425216,0.942918710885933,"gene_573","Not sig"
72.9263014444259,0.794025182027855,0.681775638825768,1.16464293648775,0.244163556184604,0.646728719745627,"gene_574","Not sig"
83.7045388299262,-0.200729453958371,0.962834216973455,-0.208477690572047,0.834856000290056,0.973169449682569,"gene_575","Not sig"
76.2046324373796,-1.66347304465886,0.62369802795964,-2.66711288169489,0.00765059706341429,0.141175168453192,"gene_576","Not sig"
93.6744040309877,-0.00327347938334825,0.834265297497991,-0.00392378706529638,0.996869278914209,0.998912043830017,"gene_577","Not sig"
113.359784361681,-0.463261177938789,0.643920751133852,-0.719438187266138,0.471870975027363,0.821156251915944,"gene_578","Not sig"
72.3662938513542,0.0782925989092854,0.672156583285999,0.116479702581403,0.907272371585128,0.980682490080122,"gene_579","Not sig"
131.577713999491,0.602584950318666,0.899602796854827,0.669834456301616,0.502963325892169,0.845350013277469,"gene_580","Not sig"
80.1957084290618,-0.308422430935429,0.690509982316296,-0.446658902599546,0.655121359432845,0.901777487484303,"gene_581","Not sig"
108.00268228186,0.622648735066608,0.741997068703593,0.83915255373514,0.401383708254733,0.785856712990517,"gene_582","Not sig"
114.191954717361,0.691947336431596,0.683977642833115,1.01165197968382,0.311704483222825,0.713195386960822,"gene_583","Not sig"
82.7478414200193,0.600528182287506,0.641940961359177,0.93548818105642,0.349536771443894,0.752494522486159,"gene_584","Not sig"
77.6466246620827,1.00436139315485,0.704475317468553,1.4256871294851,0.153958673276017,0.563938511100916,"gene_585","Not sig"
117.003581140867,-0.660773109105791,0.769601990502134,-0.858590696568577,0.390566372696645,0.785856712990517,"gene_586","Not sig"
50.5632420106709,-1.09923398191451,0.676180320341823,-1.62565213574808,0.104023677614552,0.4666750307662,"gene_587","Not sig"
68.0091319409406,-0.393406880904143,0.706838370604815,-0.556572615840761,0.577819467918674,0.876135565309246,"gene_588","Not sig"
94.3102336587491,0.849453455410524,0.814831648576023,1.04248952147969,0.297184781096625,0.70716962509124,"gene_589","Not sig"
102.856889117628,-1.27147774564212,0.720825316377834,-1.76391938067788,0.0777455533822545,0.421788178822341,"gene_590","Not sig"
101.852061785296,-1.0162097220048,0.733742497257296,-1.38496778611483,0.166062317804012,0.577974137608241,"gene_591","Not sig"
81.815907774784,1.17810871467526,0.918638205786768,1.28245124931013,0.199684396021612,0.600063857481045,"gene_592","Not sig"
132.114496387741,0.766253092236828,0.766531740911782,0.999636481230872,0.317486461638236,0.717640662360266,"gene_593","Not sig"
91.7074844977554,-1.42960332171679,0.831297542616633,-1.71972518674469,0.0854824072830994,0.440009443804585,"gene_594","Not sig"
105.451787029222,-0.928176849292406,0.624875910462248,-1.48537787063322,0.137443754354541,0.529203980107996,"gene_595","Not sig"
66.4203764702872,0.826275811516045,0.734795146749387,1.12449818860584,0.260801738528856,0.666179126695686,"gene_596","Not sig"
144.455260131672,-1.37706888668238,0.740021964404084,-1.86084866790581,0.0627655504896615,0.381271480614217,"gene_597","Not sig"
83.0281366555811,0.343851424083316,0.697085203892025,0.493270294884321,0.621821614535933,0.894325792670798,"gene_598","Not sig"
72.8199578134524,-0.901758941014863,0.698422856049331,-1.29113606922275,0.196656498741235,0.599159052239651,"gene_599","Not sig"
74.4783726930323,0.371268979485148,0.784042142479923,0.473531917953831,0.635833734975099,0.899967270086859,"gene_600","Not sig"
159.417051543205,-0.746215820230292,0.738551039494083,-1.0103781327577,0.312314160402619,0.713195386960822,"gene_601","Not sig"
86.5589103152858,0.627412353653782,0.878146563546091,0.714473391685545,0.474934503878267,0.823556639703803,"gene_602","Not sig"
106.678680842787,-0.471245362885994,0.680722930774933,-0.692271909144488,0.488766587520827,0.834229882365391,"gene_603","Not sig"
80.8628028636374,-1.02039008764918,0.625272379539291,-1.63191294072676,0.102697827517713,0.464123506252145,"gene_604","Not sig"
79.0143205076284,1.16305268424972,0.929907552540867,1.25071861291137,0.211037157239991,0.611851871900528,"gene_605","Not sig"
148.151952437392,-0.966947760499639,0.806022549466716,-1.19965348505373,0.23027394516513,0.638043585568198,"gene_606","Not sig"
106.455677747782,-0.18132182127747,0.649317672983852,-0.279249786078099,0.780053138852906,0.943597243682977,"gene_607","Not sig"
78.7381500422219,0.0897558406706523,0.696133754560273,0.128934763014542,0.89740926933127,0.980682490080122,"gene_608","Not sig"
58.2378054937589,-0.264019348536141,0.584340187092231,-0.451824732182023,0.651395251048406,0.901777487484303,"gene_609","Not sig"
148.174672962029,-0.461158346759943,0.814249518708646,-0.566359986913243,0.571149089458194,0.870996220694652,"gene_610","Not sig"
35.1844687344821,-0.473670015098408,0.668761890369123,-0.708279018167387,0.478772004166965,NA,"gene_611","Not sig"
93.0883433817668,0.88971142629226,0.817304948302637,1.08859175285797,0.276333955231758,0.675518519565627,"gene_612","Not sig"
113.962286440416,-0.543965868252706,0.793905389888145,-0.685177195143298,0.493232112528955,0.836015608411297,"gene_613","Not sig"
36.7616851133803,0.282789218927132,0.762560699037235,0.37084158583594,0.710755525314768,NA,"gene_614","Not sig"
96.5058463147868,0.8380492503054,0.794005913107626,1.05546978488535,0.291210521341817,0.698048749687002,"gene_615","Not sig"
99.4815536765764,-0.356666719644491,0.625757296876035,-0.569976125608244,0.568693890976241,0.870996220694652,"gene_616","Not sig"
64.6006717586345,-0.752704297592159,0.740099004258704,-1.0170319014901,0.309138253633297,0.713195386960822,"gene_617","Not sig"
106.941267302994,0.765375714876153,0.831265610034831,0.920735449219514,0.357188563641312,0.761381976084378,"gene_618","Not sig"
90.0540789919141,-0.72417681905666,0.760908908985329,-0.951726035147031,0.341235941984733,0.751229910022988,"gene_619","Not sig"
145.602535392638,-1.81022944043414,0.690554701210814,-2.62141353503219,0.00875659717125371,0.152927714883681,"gene_620","Not sig"
145.709282215517,-1.42834975508762,0.682080390972976,-2.09410763597837,0.0362503930114123,0.293123199137582,"gene_621","Not sig"
138.634045596562,-0.157870248627827,0.738086760542445,-0.213891180640882,0.830631917918465,0.972883851166777,"gene_622","Not sig"
89.184372210247,-1.11636502029581,0.706340341194103,-1.58049166271395,0.113994314720618,0.488975613143704,"gene_623","Not sig"
80.9006455577027,0.244820658799967,0.800861392529747,0.305696667467803,0.759835610899397,0.940657249948873,"gene_624","Not sig"
72.3839572222025,2.54549138746232,0.765732950051517,3.32425473827535,0.000886551752582163,0.0394112551829707,"gene_625","Significant"
100.334215485217,0.751694918170636,0.753485973542994,0.997622974500857,0.318462216221222,0.717640662360266,"gene_626","Not sig"
119.656302296515,-0.781899471653968,0.766147452443542,-1.02056003600898,0.307462931742511,0.713195386960822,"gene_627","Not sig"
152.215182567888,2.10891120453581,0.758720607909496,2.77956230864282,0.00544322098567413,0.111621035242032,"gene_628","Not sig"
128.485863872263,0.00473678493990552,0.624081695472063,0.00759000780550463,0.993944108100528,0.998912043830017,"gene_629","Not sig"
61.3643982043311,-0.528270202471971,0.759286118232996,-0.695745898399086,0.486587975944813,0.833989984193907,"gene_630","Not sig"
82.7639071718168,0.0926108497106847,0.697586232114357,0.132758998740535,0.894383981516241,0.980682490080122,"gene_631","Not sig"
58.8066712624191,1.68178485332089,0.797866423164824,2.10785264862997,0.0350437371465363,0.293123199137582,"gene_632","Not sig"
76.269265597348,0.455936555251903,0.838796468130898,0.543560413729296,0.586744007001363,0.88029924007208,"gene_633","Not sig"
87.132666180876,0.464640191858862,0.741091234225471,0.62696759913031,0.530680474167839,0.849436176327573,"gene_634","Not sig"
73.5151448374027,0.487888712281603,0.763801455301769,0.63876378985013,0.522976607734892,0.847086742800751,"gene_635","Not sig"
85.4057467403011,0.0389731554366876,0.641289124221587,0.0607731426663351,0.951539879821196,0.992618971004252,"gene_636","Not sig"
93.3456996390152,0.0834949313361922,0.770212928740139,0.108404998436948,0.913674436324671,0.980682490080122,"gene_637","Not sig"
84.5407259800362,1.12362600344539,0.832323042290043,1.34998786090778,0.177019876722713,0.577974137608241,"gene_638","Not sig"
90.2040984421962,0.447503632645934,0.901456642644069,0.496422802247435,0.61959614058221,0.894325792670798,"gene_639","Not sig"
37.9181031067554,-0.268419719049388,0.767567871431031,-0.349701608209517,0.726562646617484,NA,"gene_640","Not sig"
72.0154891763973,0.865939599083654,0.853041672694372,1.01511992532386,0.310048664636634,0.713195386960822,"gene_641","Not sig"
80.6527869797684,-1.29358176938418,0.730123493588033,-1.77173009873598,0.0764393708377053,0.421788178822341,"gene_642","Not sig"
95.9498168881261,-0.352256828728201,0.788011760440852,-0.44701976088673,0.654860792107661,0.901777487484303,"gene_643","Not sig"
89.5777128106531,0.250300831232341,0.777006116438401,0.32213495613092,0.747350457408431,0.935274678682401,"gene_644","Not sig"
135.265106985099,-0.789409768060785,0.746675447669991,-1.05723279173588,0.290405357563282,0.697829090164348,"gene_645","Not sig"
71.4896145110684,-0.902387057804501,0.746780020298041,-1.2083706490224,0.22690472438776,0.635853353728451,"gene_646","Not sig"
84.4510915566229,0.0279142282604661,0.879178523031919,0.0317503527772739,0.974671139397441,0.996832817289684,"gene_647","Not sig"
100.275589189636,-0.355425189132283,0.735620598637748,-0.483163725690218,0.628979489247744,0.89784055463686,"gene_648","Not sig"
129.439398358418,1.39451117734091,0.6192753112327,2.25184365022571,0.0243321541485624,0.246353882201706,"gene_649","Not sig"
74.6906268141317,1.32426664879876,0.758765242052861,1.74529165992886,0.0809341129467938,0.427469049435917,"gene_650","Not sig"
112.54425846389,2.77111049280859,0.709913900708075,3.90344588272558,9.48327622706933e-05,0.00843149468188528,"gene_651","Significant"
75.4261718765726,1.14218354583082,0.724088759987837,1.5774081976497,0.114701630393331,0.489396662761703,"gene_652","Not sig"
85.1513181680493,-1.06019328601747,0.669875128678856,-1.58267300968228,0.113496013157445,0.488975613143704,"gene_653","Not sig"
111.762035546808,0.838252152993494,0.651792255192419,1.28607258879753,0.19841772952307,0.600063857481045,"gene_654","Not sig"
103.300638689473,0.241293688350379,0.769947876255514,0.313389640768752,0.753984653595784,0.938164110962693,"gene_655","Not sig"
47.9105884481722,-1.60234203357439,0.818756365118585,-1.95704375787334,0.0503423239346199,0.35167709148613,"gene_656","Not sig"
78.0187565486239,-2.41634004927051,0.670003867340473,-3.6064568684685,0.000310406425463431,0.0189735927564522,"gene_657","Significant"
49.9540506878327,-0.987705481664207,0.901665190151368,-1.09542376976802,0.273331025234112,0.675518519565627,"gene_658","Not sig"
63.9872495668898,-0.236899914464245,0.66992925036596,-0.353619302836582,0.723624206335052,0.93130901467557,"gene_659","Not sig"
99.0987587540197,0.696068674239912,0.735099455551596,0.946904080778571,0.343687658330342,0.751960916883836,"gene_660","Not sig"
96.1046709968225,0.135267567898256,0.934381479835203,0.144766961693326,0.884894868132711,0.980682490080122,"gene_661","Not sig"
52.0733165553709,-0.952699202855822,0.721790452614472,-1.31991106200553,0.186864713821378,0.585749006786243,"gene_662","Not sig"
84.5397378581892,1.88160121487255,0.809278586817646,2.32503521719466,0.0200700771564745,0.21809483843369,"gene_663","Not sig"
122.68468599246,-1.3902747757021,0.72914190658436,-1.90672729567115,0.0565559104226097,0.365722037704766,"gene_664","Not sig"
129.916192587253,0.560512822880004,0.652429857444863,0.85911583672023,0.39027661085206,0.785856712990517,"gene_665","Not sig"
70.0065972284347,-1.27724210314153,0.883214203867623,-1.44612948653729,0.148140886704226,0.552545310674151,"gene_666","Not sig"
116.819005209602,0.472646361465217,0.793801855224095,0.595421084436475,0.551562035222513,0.861941262546592,"gene_667","Not sig"
88.583802238352,1.32962124075822,0.616242033617402,2.15762828275963,0.0309567439271363,0.277758674869168,"gene_668","Not sig"
88.5244843234223,0.22229721996913,0.791415194254229,0.280885711549431,0.778798060184823,0.943597243682977,"gene_669","Not sig"
77.6077138013792,-0.232183262736564,0.791732006696538,-0.293259917210291,0.76932348883228,0.942855102854599,"gene_670","Not sig"
75.849979396331,-1.45405368678579,0.586315211327728,-2.47998629183276,0.0131387433793263,0.180981563732129,"gene_671","Not sig"
103.674408320985,0.0296239912583368,0.731180592215929,0.0405152866114209,0.967682320094406,0.996832817289684,"gene_672","Not sig"
99.3018398214553,1.99833236205783,0.719478497470791,2.7774733631132,0.00547833301801384,0.111621035242032,"gene_673","Not sig"
121.041199107354,0.0690056580051467,0.727726717915738,0.0948235873526588,0.924454951288071,0.980682490080122,"gene_674","Not sig"
63.7832558652423,-1.02282688060961,0.610543498970771,-1.67527274032702,0.0938807313282287,0.445853027320941,"gene_675","Not sig"
82.1177538184008,-0.664727711617782,0.778815231186043,-0.85351144276606,0.393375744791946,0.785856712990517,"gene_676","Not sig"
134.216389688203,1.39009130032138,0.819846557797209,1.69555057236115,0.0899710251415738,0.445853027320941,"gene_677","Not sig"
98.518605875252,2.66553407616704,0.784194220463971,3.39907386028676,0.000676144542534764,0.03306346812995,"gene_678","Significant"
88.1480605551409,-1.36022266129243,0.889620927846561,-1.52899130260461,0.126266600056812,0.51028402832877,"gene_679","Not sig"
55.5717752527932,-0.454154868656069,0.654538788617121,-0.693854782259103,0.487773283189074,0.833989984193907,"gene_680","Not sig"
81.9199176777649,0.0478226635507725,0.63478682490949,0.0753365723329108,0.939946923635266,0.987173805372528,"gene_681","Not sig"
56.9922027899998,2.00837796414106,0.651603414790937,3.0822090838573,0.00205470460144593,0.080380044008565,"gene_682","Not sig"
116.036097662966,-0.233232291419679,0.680753886039852,-0.342608828539284,0.731892759429973,0.932356532329387,"gene_683","Not sig"
67.2038260305774,-0.851586381235913,0.730770555131395,-1.16532662031353,0.243886807600587,0.646728719745627,"gene_684","Not sig"
47.2574306157955,0.0994510140404275,0.638329955857727,0.155798757566993,0.876191649985052,0.980682490080122,"gene_685","Not sig"
131.704109721153,-0.751573457165034,0.837140482643533,-0.897786539711596,0.369299362071487,0.763583036164723,"gene_686","Not sig"
73.9613358738257,-0.0865511240392326,0.688104516097567,-0.125781944478563,0.899904534468176,0.980682490080122,"gene_687","Not sig"
43.4141145586404,1.93385608024876,0.848075457322648,2.28028775452823,0.0225906275924633,NA,"gene_688",NA
73.0928766000034,0.657608690630495,0.723549800169439,0.908864449242469,0.363421681490888,0.761381976084378,"gene_689","Not sig"
89.9735742118775,-1.00892757732103,0.69504887297815,-1.45159227868103,0.146615006958421,0.551497987712829,"gene_690","Not sig"
107.149921129997,-0.368136727732939,0.813978916656933,-0.452268136433928,0.651075827634849,0.901777487484303,"gene_691","Not sig"
143.250850579931,-0.114239652033811,0.892681230344051,-0.127973623899073,0.89816984646322,0.980682490080122,"gene_692","Not sig"
74.8922698965172,0.533704313975476,0.696461358118442,0.766308579441264,0.443492714616531,0.810721261485919,"gene_693","Not sig"
80.9520380282765,-1.77273167633175,1.41968113427286,-1.24868298488711,0.211781046636112,0.611851871900528,"gene_694","Not sig"
120.169734700783,-0.135803685039733,0.963051523558942,-0.141013935098584,0.887858933730578,0.980682490080122,"gene_695","Not sig"
85.2202047775173,0.371769319641534,0.892012987396168,0.416775680281011,0.676842492497308,0.906999114937925,"gene_696","Not sig"
150.208601221262,-0.629559055725684,0.775952800922398,-0.811336791332293,0.417172287280841,0.801012195764973,"gene_697","Not sig"
67.3474444784292,-2.07756053274079,0.71861857742282,-2.89104762667219,0.00383959927523041,0.0988191602940879,"gene_698","Not sig"
78.7624152212754,1.67512487746765,0.625500484695835,2.67805528285436,0.00740509950769321,0.139272833048538,"gene_699","Not sig"
92.7621491095256,0.830431994559886,0.657858667128692,1.26232583996257,0.206831562289868,0.607451255013486,"gene_700","Not sig"
112.811779857728,0.369548139370748,0.775628222842343,0.476450093598339,0.633753753917916,0.899580800191178,"gene_701","Not sig"
84.0014999043704,-0.387418162128535,0.873930133363505,-0.443305645769959,0.657544672696383,0.903200407158796,"gene_702","Not sig"
99.8934504534882,-0.461973357680541,0.709131255791949,-0.651463821270457,0.514747124023464,0.847086742800751,"gene_703","Not sig"
110.730161874342,0.50600993266715,0.819389386574206,0.617545139048887,0.536875217579746,0.851677529011418,"gene_704","Not sig"
65.6195376666247,0.0815507947200529,0.686531266585615,0.118786716190854,0.905444333108931,0.980682490080122,"gene_705","Not sig"
62.3135826145328,1.24060176672464,0.655457985477314,1.89272507805548,0.0583944395891239,0.367335677603561,"gene_706","Not sig"
53.0232701107737,1.29791988053671,0.666059477751511,1.94865462303493,0.0513366842125105,0.355535704458396,"gene_707","Not sig"
39.8443599868779,0.113528333671706,0.870855895533004,0.130364086933374,0.896278378548622,NA,"gene_708","Not sig"
64.8859016517982,0.0829328431636992,0.600744056837652,0.138050209935096,0.890200735610335,0.980682490080122,"gene_709","Not sig"
57.0059655108139,-1.74360252975934,0.701608158691548,-2.48515144551774,0.0129496330818982,0.180924873629949,"gene_710","Not sig"
86.9323845700506,0.393402196507514,0.738004556811818,0.533062015507075,0.593990651972419,0.88029924007208,"gene_711","Not sig"
57.3627162311719,-0.747467000523135,0.630940256745813,-1.18468744470091,0.23614104841439,0.641516514859094,"gene_712","Not sig"
46.2615274703318,-1.00044950986067,0.819529499603078,-1.22076082721271,0.222176589553422,0.629822332125354,"gene_713","Not sig"
63.9198944662543,-0.750869032614379,0.658742949343611,-1.13985133861784,0.254348241021786,0.656339260473106,"gene_714","Not sig"
66.9214654004282,-0.412107794236042,0.700544079570371,-0.58826818504951,0.556352296754926,0.862875328451716,"gene_715","Not sig"
68.1082378082289,-1.49211981141913,0.779049709435835,-1.91530757709887,0.0554532898616259,0.363981996541411,"gene_716","Not sig"
98.5225124286426,-0.490992865057294,0.827689925627543,-0.593208700329451,0.553041490753046,0.861941262546592,"gene_717","Not sig"
112.863325799804,-0.683046932497692,0.746240323016394,-0.915317641556454,0.360024900353449,0.761381976084378,"gene_718","Not sig"
77.9247413045185,-0.211676430434418,0.673539127444387,-0.314274882941964,0.753312273013261,0.938164110962693,"gene_719","Not sig"
140.003530159232,-0.371467334090221,0.64059506225405,-0.579878547273134,0.561996523528963,0.869311870561895,"gene_720","Not sig"
84.9728295269612,0.0911632902848669,0.701898924065317,0.129880937495757,0.896660626201363,0.980682490080122,"gene_721","Not sig"
72.2689974220952,-0.294781753404677,0.740342211304661,-0.398169588203273,0.690505181706971,0.911355017151711,"gene_722","Not sig"
57.8647484148983,0.222315237865066,0.751248477077302,0.295927705211427,0.767285292461529,0.942855102854599,"gene_723","Not sig"
77.3472155909854,0.977325780311852,0.884514113326821,1.10492954898814,0.269190117384517,0.672492213826698,"gene_724","Not sig"
111.382541937534,-0.624825337940019,0.80119774096167,-0.779864078485851,0.435470884182915,0.807354546134216,"gene_725","Not sig"
61.0566520185869,-0.243862844904232,0.744755300375116,-0.327440227389323,0.743334944803181,0.935274678682401,"gene_726","Not sig"
74.168896226502,-0.41984833827734,0.812011693808871,-0.517047157668351,0.605123239870141,0.887399159276908,"gene_727","Not sig"
112.645278294624,-0.138940310646695,0.788690229037492,-0.176165883044166,0.860163622959157,0.980682490080122,"gene_728","Not sig"
170.553132381974,-0.615785933165521,0.818690947549841,-0.752159206118536,0.451955322588431,0.812101189143717,"gene_729","Not sig"
70.6353125343535,0.177996750111428,0.872275300746236,0.204060289176079,0.838306385999145,0.974648440331139,"gene_730","Not sig"
58.7184597327072,0.309258569201007,0.753107275438259,0.410643449196583,0.681333999101262,0.906999114937925,"gene_731","Not sig"
71.1971795421754,-0.822438748217958,0.823159411802043,-0.999124515162249,0.31773437672808,0.717640662360266,"gene_732","Not sig"
142.990558368688,0.0990275124802201,0.865786793750434,0.114378635935587,0.908937648894382,0.980682490080122,"gene_733","Not sig"
98.9712394732621,-0.278974420749414,0.920525579309456,-0.303059933390107,0.761844187614223,0.940762140766048,"gene_734","Not sig"
98.622279092977,-2.016025939499,0.847657921596683,-2.37834849192647,0.0173903818089718,0.204443463903665,"gene_735","Not sig"
105.931676002989,-0.88887568261176,0.643701831418906,-1.38088108379686,0.167315527041947,0.577974137608241,"gene_736","Not sig"
70.4159284239516,0.311757078595413,0.90757634499017,0.343505072952061,0.731218525087244,0.932356532329387,"gene_737","Not sig"
78.3252887443069,-0.261480669650158,0.686015568319873,-0.381158506782219,0.703085636036323,0.920505692160005,"gene_738","Not sig"
36.9417049332518,-0.00560903873186423,0.626271517214941,-0.00895624114730283,0.992854049000391,NA,"gene_739","Not sig"
68.9511075349687,-0.334921894058288,0.727422562870505,-0.460422746218708,0.64521281098476,0.901777487484303,"gene_740","Not sig"
74.7081892732024,-0.0933783052486977,0.633488378320198,-0.147403343840823,0.882813666350796,0.980682490080122,"gene_741","Not sig"
91.2009770547686,-0.436536788485496,0.816541339415551,-0.534616886388083,0.592914804386323,0.88029924007208,"gene_742","Not sig"
91.9185050384388,-1.42375419367158,0.823469283952709,-1.72897061422554,0.083814354517314,0.4360129719039,"gene_743","Not sig"
85.1965767462092,0.00894318369067784,0.78532308361923,0.0113879037522524,0.990913963802712,0.998057524818798,"gene_744","Not sig"
108.627291467119,0.6001436760279,0.791266443961027,0.75845965743678,0.448175855428414,0.812101189143717,"gene_745","Not sig"
57.7122786254326,-0.196912619261043,0.757543781419086,-0.259935628924538,0.794913427718486,0.954288456467236,"gene_746","Not sig"
100.84406842958,-2.25118672492579,0.7963556093122,-2.82686113917136,0.00470067067439753,0.105103784903458,"gene_747","Not sig"
61.2098853308024,0.930519035186937,0.662833505797557,1.40385032900123,0.160363423322757,0.57460852535984,"gene_748","Not sig"
79.7184773608984,-0.524219706285218,0.701718160674413,-0.74705164503851,0.455032387004018,0.813403910365766,"gene_749","Not sig"
89.7605794903032,0.244171439818511,0.757432428617518,0.322367290590103,0.747174460976801,0.935274678682401,"gene_750","Not sig"
170.825963806796,-0.251833225600644,0.802677173607996,-0.313741606066441,0.753717298017244,0.938164110962693,"gene_751","Not sig"
135.375865463665,-0.257492475981383,0.941350857830831,-0.273535073388818,0.784441935274468,0.945978359009722,"gene_752","Not sig"
103.258124218276,-0.337039750156892,0.788444488778939,-0.427474292678314,0.669033905490521,0.906276774239641,"gene_753","Not sig"
63.2141974490791,-0.0930099611252266,0.75848889605266,-0.122625343112168,0.902403784995539,0.980682490080122,"gene_754","Not sig"
159.133479067641,1.89996793734101,0.734576446299759,2.58648088556557,0.00969615481550567,0.159514100845878,"gene_755","Not sig"
73.1589108985428,-0.149211995828345,0.868486887633988,-0.171806849306432,0.863589380629312,0.980682490080122,"gene_756","Not sig"
77.6355509193739,0.198637651945736,0.611283452387726,0.324951789828173,0.745217559349508,0.935274678682401,"gene_757","Not sig"
100.16880008201,0.277133616621043,0.737297164863899,0.375877773342856,0.707007765189901,0.924403201010325,"gene_758","Not sig"
61.7404780207878,-0.462590727872833,0.724995697077344,-0.638059963304144,0.523434647367893,0.847086742800751,"gene_759","Not sig"
99.0604073391117,-1.47532314419561,0.619746752842066,-2.38052581547221,0.0172879496563082,0.204443463903665,"gene_760","Not sig"
70.5132877934765,-0.415960275446627,0.842675525643742,-0.493618555171474,0.621575593979538,0.894325792670798,"gene_761","Not sig"
56.7794104685997,-0.141819521237125,0.578521205550989,-0.245141439719663,0.806346917354614,0.959991086304259,"gene_762","Not sig"
73.7463908886913,-0.348072622867828,0.842761663858125,-0.413014304986735,0.679596133101311,0.906999114937925,"gene_763","Not sig"
134.829909281798,0.887985159730134,0.934512322693396,0.95021236014399,0.34200435946581,0.751229910022988,"gene_764","Not sig"
73.744969361419,-0.215297461089853,0.669681193180901,-0.321492470271141,0.747837217514967,0.935274678682401,"gene_765","Not sig"
177.218619122708,-0.512507705476912,0.780252167347551,-0.656848807250571,0.511278137713827,0.847086742800751,"gene_766","Not sig"
99.5345700454535,0.472336564952146,0.628802441846894,0.751168464875578,0.45255127615882,0.812101189143717,"gene_767","Not sig"
88.3935032941679,0.077655785768047,0.836915672062739,0.0927880649870607,0.926071932863746,0.980682490080122,"gene_768","Not sig"
68.1723129243044,-1.36995950867697,0.753022829734638,-1.8192801792739,0.0688686957312846,0.405744484489135,"gene_769","Not sig"
108.780328266547,-0.548795756943833,0.799882550495951,-0.686095423138764,0.492652936892885,0.836015608411297,"gene_770","Not sig"
64.305043822719,-0.743178314151531,0.697317027982613,-1.06576820058675,0.286528439057758,0.691913119502438,"gene_771","Not sig"
123.346246429413,-0.100398245079239,0.767189486060532,-0.130864990857445,0.895882109707526,0.980682490080122,"gene_772","Not sig"
79.2080138195645,1.08917677440615,0.754220991975617,1.44410827329686,0.14870852122839,0.552545310674151,"gene_773","Not sig"
104.993534649147,-0.0231089093775948,0.755184440120206,-0.0306003515828748,0.975588261759741,0.996832817289684,"gene_774","Not sig"
83.0823038888676,0.319438832986882,0.629780270491599,0.507222674247213,0.611998587267416,0.892003902157277,"gene_775","Not sig"
107.902941962463,-1.07662476748824,0.708722765290292,-1.51910566474784,0.128735901083175,0.511885592789252,"gene_776","Not sig"
89.8288018256233,-0.981962298129424,0.802480214734395,-1.2236592006875,0.221080816750996,0.628537903437425,"gene_777","Not sig"
100.146738044879,-1.06047320207485,0.779428338574431,-1.36057819505826,0.173647026240369,0.577974137608241,"gene_778","Not sig"
79.7195500840794,0.922958566800778,0.684990326798039,1.3474037963647,0.17785021858535,0.577974137608241,"gene_779","Not sig"
65.4578471068032,-0.284817415563362,0.708562016508139,-0.40196540165527,0.687709489097103,0.90889173018509,"gene_780","Not sig"
57.0162197798943,2.2104468222318,0.65298178169133,3.38515849019001,0.000711371675584454,0.0331295951772188,"gene_781","Significant"
113.977012188011,-0.929511596027761,0.76284804431663,-1.21847542633531,0.223043357502204,0.630452033633398,"gene_782","Not sig"
117.31678307097,-0.199956009346921,0.681283021472098,-0.293499181756888,0.769140624834602,0.942855102854599,"gene_783","Not sig"
103.572986230725,-1.03119324410835,0.647596270673844,-1.59233968879308,0.111308399730181,0.481679712106715,"gene_784","Not sig"
69.5768064893779,-0.144391735488503,0.71569137536127,-0.201751397962029,0.840111078935736,0.974648440331139,"gene_785","Not sig"
132.300152627886,-0.692275350061793,0.872421897245197,-0.793509828498982,0.427480845287639,0.803017254686988,"gene_786","Not sig"
98.0982163256733,-0.716814584485353,0.659256848624399,-1.08730699723644,0.276901157253762,0.675518519565627,"gene_787","Not sig"
112.322241503724,-1.88163783936151,0.751207187526054,-2.50481873790145,0.012251416181974,0.180924873629949,"gene_788","Not sig"
141.799065494485,-0.96529649623843,0.670197394778603,-1.44031669439317,0.149777820341753,0.552764936959377,"gene_789","Not sig"
49.3994104146084,-1.66376220866655,0.65158526143117,-2.55340675602789,0.0106674837038669,0.171029492825932,"gene_790","Not sig"
122.917767452083,0.676936862023756,0.789306172763529,0.857635332628473,0.39109385853666,0.785856712990517,"gene_791","Not sig"
27.8576045073979,0.622264989417686,0.719880441025979,0.864400467014813,0.387367936422641,NA,"gene_792","Not sig"
127.167100356004,-1.29908320290794,0.736115337579966,-1.76478214294349,0.0776003869219179,0.421788178822341,"gene_793","Not sig"
144.279605278189,-0.308678020360066,0.667399932660249,-0.462508318107973,0.64371683864325,0.901777487484303,"gene_794","Not sig"
65.3022819601098,-0.425965117340048,0.85341021907938,-0.499132899767196,0.617685761600583,0.894325792670798,"gene_795","Not sig"
126.888585094059,0.876011231190422,0.864534903797365,1.01327456802802,0.310929031594245,0.713195386960822,"gene_796","Not sig"
104.262414891877,0.980961703473324,0.822409040852199,1.192790515115,0.232951425664251,0.638169451819712,"gene_797","Not sig"
91.2899023231723,0.0194909733692204,0.736263202668385,0.0264728337618677,0.978880201520439,0.996832817289684,"gene_798","Not sig"
136.525771806076,-0.584611857711198,0.775695342414716,-0.753661683582266,0.451052395140364,0.812101189143717,"gene_799","Not sig"
70.284758473858,0.928696742048779,0.670291746165204,1.38551123053794,0.165896200887812,0.577974137608241,"gene_800","Not sig"
82.6118152772384,-0.339334123785663,0.731788264273345,-0.463705337120454,0.642858872857075,0.901777487484303,"gene_801","Not sig"
109.197660177618,-1.06129834921325,0.779080006554765,-1.36224564907847,0.173120373845427,0.577974137608241,"gene_802","Not sig"
104.286945038693,-0.614044764969476,0.907657212924943,-0.676516151941,0.498712994609951,0.843843094686041,"gene_803","Not sig"
106.5957445503,0.101707449188093,0.701434231744531,0.144999266624239,0.88471145082022,0.980682490080122,"gene_804","Not sig"
95.4861003102854,0.0793855037163369,0.836671359101319,0.0948825400233684,0.924408124987364,0.980682490080122,"gene_805","Not sig"
81.5001170719056,0.289832669989884,0.855393472979528,0.338829648746712,0.734738064583891,0.93321276254941,"gene_806","Not sig"
91.4896194343059,-0.0150979284421178,0.71363309500969,-0.0211564297503786,0.983120870517497,0.996832817289684,"gene_807","Not sig"
64.9711528742924,0.58761016893348,0.805050446951762,0.729904779456249,0.465448390641,0.819605877505758,"gene_808","Not sig"
131.284364161663,-2.06830875437854,0.788304761924698,-2.62374256033749,0.00869694936905698,0.152927714883681,"gene_809","Not sig"
98.2033012166793,0.120994016525416,0.773205480965899,0.15648365085859,0.875651805213634,0.980682490080122,"gene_810","Not sig"
111.171628474185,-0.0663060037433217,0.647185835435315,-0.102452804299591,0.918397272364788,0.980682490080122,"gene_811","Not sig"
88.4331947256014,1.71082882445304,0.698417049061224,2.44958055756607,0.014302271279962,0.191611250846614,"gene_812","Not sig"
73.6986739803923,-0.267633031279172,0.796721822706515,-0.33591778667491,0.736932863835759,0.933575571025094,"gene_813","Not sig"
85.7607242186242,-1.91155127300475,0.669939937269839,-2.85331738960774,0.00432653858615858,0.103203774079588,"gene_814","Not sig"
95.7986024632274,0.225305841110446,0.664672106692413,0.338972914376728,0.734630134670436,0.93321276254941,"gene_815","Not sig"
114.760968855505,-0.887267356422684,0.657589029894456,-1.3492733547655,0.177249180776796,0.577974137608241,"gene_816","Not sig"
66.6191946758155,-1.54239547785595,0.792486004917891,-1.94627472066937,0.0516217485000943,0.355535704458396,"gene_817","Not sig"
110.205275777428,-0.453164666818844,0.909327007937882,-0.498351707210923,0.618236168794008,0.894325792670798,"gene_818","Not sig"
133.126912652438,-0.522064009753763,0.721216579785051,-0.723865790646905,0.469148133812458,0.819605877505758,"gene_819","Not sig"
174.207618556318,0.529294625740888,0.860501543616442,0.61510014673119,0.538488585183278,0.851677529011418,"gene_820","Not sig"
117.945409069569,-0.768111817053223,0.722522739040505,-1.06309708407691,0.287737926677724,0.69312239480496,"gene_821","Not sig"
85.4775396180336,1.50139526488679,0.629288241187711,2.38586257714441,0.0170391168447058,0.204443463903665,"gene_822","Not sig"
105.285458814838,-0.318234931272382,0.643678382080673,-0.494400526927277,0.621023341939266,0.894325792670798,"gene_823","Not sig"
88.6793231484574,0.351637373277094,0.725599072971557,0.484616624215117,0.62794831904852,0.89784055463686,"gene_824","Not sig"
77.3359631988459,0.93491629519355,0.77559459167773,1.20541879124142,0.228041670829522,0.637213583060778,"gene_825","Not sig"
73.4207520524206,0.781522936129749,0.674562289764372,1.15856303856348,0.246634342242648,0.646728719745627,"gene_826","Not sig"
80.4973223684804,0.681092188987699,0.75701022746927,0.899713325227626,0.368272830230793,0.763073788062957,"gene_827","Not sig"
117.132797240326,1.03577036722881,0.728417663170161,1.42194570450284,0.155042013644914,0.565763590509076,"gene_828","Not sig"
86.7490618331057,0.134051963724028,0.680940896488814,0.196862847297394,0.843934868252002,0.975898779209801,"gene_829","Not sig"
70.2513030052792,-0.623790747042126,0.856770581671831,-0.728072088825591,0.466569458515284,0.819605877505758,"gene_830","Not sig"
81.7195152523128,-0.0692880157816495,0.781470665592619,-0.0886636169882407,0.929349248053983,0.981537326778397,"gene_831","Not sig"
88.8508036865032,-0.931547882499238,0.799663089971456,-1.16492544695603,0.244049171962855,0.646728719745627,"gene_832","Not sig"
69.2833764073747,1.7850872483801,0.762327588145077,2.34162750520893,0.0191998665171298,0.215414840744857,"gene_833","Not sig"
83.4005226486111,-0.245592094602296,0.802537796048174,-0.306019349881876,0.759589913011296,0.940657249948873,"gene_834","Not sig"
54.4868368432312,-0.822421090387491,0.68750180984881,-1.19624570961981,0.231600688012996,0.638043585568198,"gene_835","Not sig"
101.650519040208,3.28639554568804,0.863289968529469,3.80682698223182,0.000140761147510005,0.0114720335220654,"gene_836","Significant"
124.470045641567,-1.07740426637615,0.78132675938358,-1.37894197713919,0.167912644316159,0.577974137608241,"gene_837","Not sig"
71.9515372460224,-1.32425032186992,0.761073064547191,-1.7399779121835,0.0818628964791386,0.428138570890896,"gene_838","Not sig"
86.5543087908684,-0.493159625961084,0.717262806301893,-0.687557784438519,0.491731300345798,0.836015608411297,"gene_839","Not sig"
107.560085045745,-0.352056936384229,0.91427653400227,-0.385066140594345,0.700188413285802,0.919062893139187,"gene_840","Not sig"
67.8527316136774,0.430316210543921,0.637784767828644,0.674704433611584,0.499863567159163,0.844329134165219,"gene_841","Not sig"
103.915187636602,0.530989758124637,0.898088954102465,0.591244058507878,0.554356906075467,0.861941262546592,"gene_842","Not sig"
101.335974257701,-1.04186707240488,0.644175702567236,-1.61736474730842,0.105799570607504,0.470327182064269,"gene_843","Not sig"
93.4671617530699,0.123598182525435,0.916398704593356,0.134873807553319,0.89271164884315,0.980682490080122,"gene_844","Not sig"
90.1585300577485,0.744464421347572,0.724444291586637,1.02763515427403,0.304121481335929,0.713195386960822,"gene_845","Not sig"
84.2433030197423,-0.0560639750335784,0.807902008947769,-0.0693945236088687,0.944675587939795,0.988120561502802,"gene_846","Not sig"
64.1828327185709,-0.00136338140796196,0.74547896551283,-0.00182886636784455,0.998540776574782,0.999206557957154,"gene_847","Not sig"
134.162511469294,-0.973006149791399,0.736769757340105,-1.32063801492634,0.186622091026578,0.585749006786243,"gene_848","Not sig"
99.5837736214638,1.40907369517253,0.697901743003657,2.01901443763144,0.0434857189263998,0.317380844104619,"gene_849","Not sig"
128.781704346952,0.0793970878684024,0.861083817368742,0.0922059923400026,0.926534377130913,0.980682490080122,"gene_850","Not sig"
96.7565174071656,0.150306453654802,0.720722811498259,0.208549599453277,0.834799859117548,0.973169449682569,"gene_851","Not sig"
143.920489114793,-0.365845880319324,0.80297324743222,-0.455614033828949,0.648667549657799,0.901777487484303,"gene_852","Not sig"
39.8766251582457,0.0441836138900566,0.853936065829008,0.0517411263654297,0.958734967009091,NA,"gene_853","Not sig"
127.269121580122,0.0801980416550978,0.837190076295348,0.0957943051713924,0.923683940374952,0.980682490080122,"gene_854","Not sig"
133.379348942982,-0.428004929912566,0.811753778851654,-0.527259547246017,0.598013361956972,0.882137357456891,"gene_855","Not sig"
99.163762707907,1.37005191113012,0.795436086360717,1.72239094331059,0.0849987231951994,0.439834662883095,"gene_856","Not sig"
152.230585557029,0.338036271798444,0.730274117695408,0.462889569282854,0.643443524485128,0.901777487484303,"gene_857","Not sig"
74.9749694513975,-1.27546541130986,0.721216985039419,-1.76849053442654,0.0769789332379524,0.421788178822341,"gene_858","Not sig"
100.553091566014,0.873422980577916,0.754630580649425,1.15741795121298,0.247101643375795,0.646728719745627,"gene_859","Not sig"
99.0063000819241,0.122834806354367,0.679380736432632,0.180804076075753,0.856521363596492,0.979218172230511,"gene_860","Not sig"
105.055719478761,0.0324796743143303,0.737382471468864,0.0440472557608141,0.964866735746547,0.99645160249221,"gene_861","Not sig"
94.7663485085149,-0.768467645760219,0.813003496072383,-0.945220591882672,0.34454626876222,0.752144593744413,"gene_862","Not sig"
130.574552557103,0.929519347930365,0.698768680778774,1.33022468450421,0.183444253438585,0.584236099158018,"gene_863","Not sig"
47.8589358164042,0.188631195003026,0.69602184461312,0.27101332589335,0.786380783103173,0.945978359009722,"gene_864","Not sig"
78.0726559937039,-1.63124872676206,0.806146826147834,-2.02351317880512,0.0430202662379699,0.317380844104619,"gene_865","Not sig"
112.110401540659,0.00274923003112635,0.680473245464018,0.00404017358427023,0.996776416643909,0.998912043830017,"gene_866","Not sig"
84.024532729034,-2.1324060903834,0.712641892741529,-2.99225475249574,0.0027692506886382,0.0884161492930489,"gene_867","Not sig"
90.6749517631071,-0.10836904008821,0.811168169207283,-0.133596267952815,0.893721835476168,0.980682490080122,"gene_868","Not sig"
116.957589239565,-1.94012220377895,0.749714597796053,-2.58781436226846,0.00965870178874694,0.159514100845878,"gene_869","Not sig"
84.2544395404078,0.82688243147375,0.716747819969587,1.15365880221141,0.248640080393002,0.646728719745627,"gene_870","Not sig"
79.3157130398922,0.313041764796463,0.753853590516143,0.415255387431573,0.677954956175733,0.906999114937925,"gene_871","Not sig"
150.707849964163,0.541809517972872,0.886548078382782,0.611145104460919,0.541103521783486,0.85333658316756,"gene_872","Not sig"
119.946781271894,1.46018415462369,0.672995134828418,2.1696801047395,0.0300310882553875,0.277079285978953,"gene_873","Not sig"
121.50981304414,1.28750194598858,0.726784836350251,1.77150358894955,0.0764769964005553,0.421788178822341,"gene_874","Not sig"
112.382739102606,-0.401918512228896,0.755578689134574,-0.531934685306233,0.594771233214975,0.88029924007208,"gene_875","Not sig"
83.0935849829247,0.641810756588982,0.680081746974779,0.943725896841021,0.34530973680086,0.752144593744413,"gene_876","Not sig"
102.209600966332,0.254090042463352,0.625166961685832,0.406435493293136,0.684422645014508,0.906999114937925,"gene_877","Not sig"
75.9932587825956,0.964563722328952,0.961031365398654,1.00367558963992,0.315535006693762,0.717640662360266,"gene_878","Not sig"
105.250089451583,0.414340628718674,0.952872793229019,0.434833098040915,0.663683578596907,0.905275508881136,"gene_879","Not sig"
146.141271266307,0.26055723097569,0.912458897320004,0.285555033482578,0.775218947963135,0.943597243682977,"gene_880","Not sig"
54.9183773207981,0.140839495528243,0.740958154544811,0.190077529566787,0.849248377883512,0.97828611727924,"gene_881","Not sig"
113.209220989498,-0.0627581179337402,0.623411475071616,-0.100668852665137,0.919813337704734,0.980682490080122,"gene_882","Not sig"
70.4406559934368,0.603972868012204,0.775369794367159,0.778948151449663,0.436010257744111,0.807354546134216,"gene_883","Not sig"
115.726720978805,0.0360902854099177,0.764601360160619,0.0472014402411425,0.962352679656851,0.99645160249221,"gene_884","Not sig"
93.7972746759397,-0.622871414087401,0.769920740529409,-0.809007189050531,0.41851101111993,0.801012195764973,"gene_885","Not sig"
113.83104324579,0.706460341805677,0.601356501205388,1.17477792356051,0.240083574568124,0.646728719745627,"gene_886","Not sig"
68.0920943604779,0.483953352877422,0.642155962413665,0.753638338976705,0.451066416479733,0.812101189143717,"gene_887","Not sig"
121.550471544389,1.26176555096272,0.818057326300432,1.54239258105408,0.122978223317043,0.501136260016949,"gene_888","Not sig"
126.406251979587,-1.26522127612761,0.759418101404241,-1.66604045095592,0.0957053578704055,0.447010174506439,"gene_889","Not sig"
135.215358366013,-0.653467444415831,0.630946968794839,-1.03569313545322,0.300345325873631,0.712955652195173,"gene_890","Not sig"
100.289597309291,0.928075188558922,0.887209088428149,1.04606140836899,0.295532681323326,0.704953566668812,"gene_891","Not sig"
102.125786512813,0.654779156529526,0.829413136560648,0.789448741124017,0.429849777773123,0.803070096476961,"gene_892","Not sig"
115.797709684776,-1.07485359782937,0.684956331930009,-1.56922937671186,0.116594501455498,0.489396662761703,"gene_893","Not sig"
48.1591807966379,-0.66227145728811,0.783768693006077,-0.844983300810378,0.398120162779178,0.785856712990517,"gene_894","Not sig"
130.896327559059,-0.395811818975091,0.697920777155159,-0.567130012361125,0.57062585364569,0.870996220694652,"gene_895","Not sig"
167.304294513424,0.92086237530833,0.648504404701166,1.41997859788272,0.155613911908938,0.565763590509076,"gene_896","Not sig"
149.595766668041,-0.0667409153567525,0.668710496081995,-0.0998053952312556,0.920498824665685,0.980682490080122,"gene_897","Not sig"
46.7183741738112,0.761971221285928,0.591616236430089,1.2879484611237,0.197763904498747,0.600063857481045,"gene_898","Not sig"
115.40852335237,-1.41628173963236,0.839635229886257,-1.68678217542661,0.0916452440847377,0.445853027320941,"gene_899","Not sig"
120.562544905659,-0.476950236263858,0.642164296661188,-0.742723067513517,0.457649360994809,0.815266074777638,"gene_900","Not sig"
104.978466336621,0.243192554520916,0.720724114209739,0.337428080629122,0.735794219319079,0.933342083649882,"gene_901","Not sig"
72.9253116615271,1.12442461937198,0.668907805660168,1.6809859443369,0.0927656447378918,0.445853027320941,"gene_902","Not sig"
68.9686382746726,1.26000415634583,0.674445180440187,1.86820840727703,0.0617330273846541,0.377343129888698,"gene_903","Not sig"
74.6480445575453,0.00987174216467282,0.678796965755881,0.0145429968940419,0.988396776323116,0.996832817289684,"gene_904","Not sig"
109.806252954451,-1.64255296722165,0.835348180102999,-1.96630938612821,0.0492628832568631,0.351672261497899,"gene_905","Not sig"
45.1628794062538,-1.23009760561251,0.64459021440787,-1.9083404900003,0.0563472229669921,0.365722037704766,"gene_906","Not sig"
94.195786647937,-1.44202407514472,0.702228350159967,-2.05349737705154,0.0400243638663646,0.308219117018146,"gene_907","Not sig"
107.620068425139,1.60580972922622,0.705485192214682,2.2761777950083,0.0228353703688873,0.240139701298622,"gene_908","Not sig"
125.32454640818,-0.0908671579588616,0.738516960921937,-0.123040042093856,0.902075389842935,0.980682490080122,"gene_909","Not sig"
99.7930821595171,1.12754914635019,0.608112151942022,1.8541795995185,0.0637134696900144,0.384640576276754,"gene_910","Not sig"
90.7149443466028,-0.404067889087251,0.752052516825734,-0.537286798524048,0.591069522940665,0.88029924007208,"gene_911","Not sig"
65.6558812533045,-2.0399744238373,0.854753395217918,-2.38662336441169,0.0170039013992441,0.204443463903665,"gene_912","Not sig"
77.4156308015389,0.229079993437434,0.808182671006483,0.283450761388073,0.776831321173657,0.943597243682977,"gene_913","Not sig"
50.2765212474076,-0.772955487482951,0.881659157526348,-0.876705562330476,0.380646584764383,0.780445198950873,"gene_914","Not sig"
73.3086982440824,-1.63861558595832,0.852196415447314,-1.92281445480878,0.0545033560953198,0.360164069332586,"gene_915","Not sig"
114.679559070966,-1.29022393268598,0.686805915026665,-1.87858593593488,0.0603010529870232,0.373255884944992,"gene_916","Not sig"
136.283556283645,0.668669915485058,0.607362024650965,1.1009412645931,0.270922221112187,0.672492213826698,"gene_917","Not sig"
74.2504797417395,0.685946685536445,0.753113722171224,0.910814217484796,0.362393270041826,0.761381976084378,"gene_918","Not sig"
55.5682411239827,-0.641531362530149,0.688893069622011,-0.931249552099793,0.351724490967883,0.754356474049539,"gene_919","Not sig"
84.0467361201023,0.257969771263072,0.709839863864852,0.363419673077401,0.716291407962698,0.928924258398414,"gene_920","Not sig"
75.4933727544536,-0.0827212159359177,0.825837048885508,-0.100166511114454,0.920212132525004,0.980682490080122,"gene_921","Not sig"
81.4363504442329,0.664301982797498,0.866468113896638,0.766677933259461,0.44327302675437,0.810721261485919,"gene_922","Not sig"
68.719344529835,0.511354361543904,0.706669277630385,0.723611988989512,0.469303978939902,0.819605877505758,"gene_923","Not sig"
107.238024461649,-0.364240181745422,0.746014513896365,-0.488248117108378,0.625374106112801,0.896317483432283,"gene_924","Not sig"
127.071503150486,0.125693186053678,0.908582231117974,0.138339912171755,0.889971783391175,0.980682490080122,"gene_925","Not sig"
127.267593043218,-0.956711602025484,0.801346119878559,-1.1938806194887,0.232524669627864,0.638169451819712,"gene_926","Not sig"
81.547779720594,-0.0868853291631787,0.780643302414731,-0.111299653624671,0.911378730067581,0.980682490080122,"gene_927","Not sig"
113.511431386808,-1.03561566364138,0.621588902228854,-1.66607811035225,0.0956978577852259,0.447010174506439,"gene_928","Not sig"
68.2244938421202,0.129684706783553,0.742575671042972,0.174641739341402,0.861361149305308,0.980682490080122,"gene_929","Not sig"
78.1583840573607,0.180385134246427,0.741694689734258,0.243206722042269,0.807845259742745,0.959991086304259,"gene_930","Not sig"
94.901212515389,0.33483843233846,0.812574854911306,0.412070876073328,0.680287474620375,0.906999114937925,"gene_931","Not sig"
124.217942586104,-0.592140909006386,0.885849096248425,-0.668444446705545,0.503849931927768,0.845350013277469,"gene_932","Not sig"
91.6611625879931,-0.416089806391016,0.643167170721511,-0.646938813627945,0.517671544240353,0.847086742800751,"gene_933","Not sig"
118.630676604651,-0.728014584925108,0.646960539965676,-1.12528437200163,0.260468549977133,0.666179126695686,"gene_934","Not sig"
99.0437886918016,0.814827845584732,0.895753740076134,0.909656090875464,0.363003907610854,0.761381976084378,"gene_935","Not sig"
83.2249237507177,-0.138413446705158,0.713481711211695,-0.193997189458567,0.846178082586821,0.975898779209801,"gene_936","Not sig"
165.551672126856,0.0563957034494611,0.774819313408757,0.0727856191417746,0.941976714863482,0.987173805372528,"gene_937","Not sig"
74.5768597470344,0.92403441071452,0.682561421719554,1.35377473925589,0.175808255105422,0.577974137608241,"gene_938","Not sig"
106.593173981778,-0.574522583812101,0.875441451778701,-0.656266141664641,0.511652898602881,0.847086742800751,"gene_939","Not sig"
80.2838745340641,0.39712947194994,0.699373306485745,0.567836187436809,0.570146205268355,0.870996220694652,"gene_940","Not sig"
116.501761964165,-0.344097453109951,0.843429335750891,-0.407974252879889,0.683292577600406,0.906999114937925,"gene_941","Not sig"
61.5522586640324,1.13758228206262,0.758103509732391,1.50056327065968,0.133468557243785,0.522721881635173,"gene_942","Not sig"
109.161925157073,-0.209594890090045,0.890630644696722,-0.235333121915445,NA,NA,"gene_943","Not sig"
112.818365157112,0.267997497605616,0.691130961055165,0.387766592306121,0.698188770326212,0.919015635772591,"gene_944","Not sig"
76.8162140768678,1.05906194821256,0.806187849952336,1.31366647149938,0.188958468773262,0.587829795196412,"gene_945","Not sig"
95.3058082829995,1.57217753527051,0.69535285597563,2.26097803692002,0.0237606171319032,0.244609300578961,"gene_946","Not sig"
63.1758023208927,-0.759582919812751,0.6987004765044,-1.08713668496828,0.276976407306561,0.675518519565627,"gene_947","Not sig"
113.168343312275,0.149052100615751,0.692968549158398,0.215092157929494,0.829695467887325,0.972883851166777,"gene_948","Not sig"
86.7000340467688,1.29955448782097,0.761429552695513,1.70672977325408,0.0878722906204143,0.440713334496232,"gene_949","Not sig"
71.2040816187032,-2.11596072311084,0.740879453638179,-2.85601215247656,0.0042899871373998,0.103203774079588,"gene_950","Not sig"
97.9059598836833,-1.20638611733256,0.89403134098159,-1.34937788199687,0.177215621395012,0.577974137608241,"gene_951","Not sig"
78.1580973994584,0.0376680918526918,0.837507728680423,0.0449764110380708,0.964126111187338,0.99645160249221,"gene_952","Not sig"
109.39473401641,0.145914970703431,0.721183730352334,0.202327041726447,0.83966106087553,0.974648440331139,"gene_953","Not sig"
71.3921240303561,-0.521282400883991,0.727880276520252,-0.716165031117568,0.473889452616157,0.823204058008173,"gene_954","Not sig"
88.2491126671373,0.417787104708852,0.676727543846308,0.617363824640978,0.536994777325694,0.851677529011418,"gene_955","Not sig"
135.588921465988,0.229075909422445,0.913834328157913,0.250675535339334,0.802064976830215,0.959991086304259,"gene_956","Not sig"
99.6317633265417,0.372914001735851,0.765066598843016,0.487426849243969,0.625955870331543,0.896317483432283,"gene_957","Not sig"
73.0710094978991,-0.339576677257773,0.792605253565689,-0.428431020019261,0.668337344526265,0.906276774239641,"gene_958","Not sig"
63.327339967877,0.938050514971446,0.740064919359597,1.26752463254598,0.204967761571966,0.605720086818706,"gene_959","Not sig"
82.3955529249211,1.45759760910667,0.680407453901349,2.14224227078795,0.0321739916083975,0.286056034481934,"gene_960","Not sig"
124.437787849684,-1.66514384015635,0.694742360691399,-2.39677891312,0.0165399001388001,0.204443463903665,"gene_961","Not sig"
49.3978206370725,0.905886011439134,0.66091322026895,1.37065802840272,0.170481584473728,0.577974137608241,"gene_962","Not sig"
100.506166039032,1.46945721292542,0.811560951052427,1.81065539318992,0.0701942118219909,0.408590219955776,"gene_963","Not sig"
93.2249486291706,-0.41404020654658,0.794148549808094,-0.521363675154519,0.602113451137616,0.885514218364795,"gene_964","Not sig"
73.8103156216762,0.12544350804008,0.645458599209745,0.194347876368313,0.845903500299817,0.975898779209801,"gene_965","Not sig"
126.364383421916,-0.378680140285528,0.867424503203934,-0.436556886376657,0.662432735409863,0.905275508881136,"gene_966","Not sig"
131.058340492729,-0.764245782497477,0.896811464891424,-0.85218110206698,0.394113583758431,0.785856712990517,"gene_967","Not sig"
40.6254684932969,1.29012350162458,0.608940074683176,2.11863786809534,0.034121082877095,NA,"gene_968",NA
103.889005285583,0.177703157157017,0.970257613303118,0.183150489849855,0.854679940547733,0.979218172230511,"gene_969","Not sig"
113.360434867588,0.427037820529499,0.799623504206325,0.534048609480734,0.593307903472532,0.88029924007208,"gene_970","Not sig"
83.1158618736554,-0.171306351193933,0.949497780629409,-0.180417853194324,0.856824539475816,0.979218172230511,"gene_971","Not sig"
85.6654505497046,0.472142658750584,0.737784905547648,0.639946216302864,0.522207566088231,0.847086742800751,"gene_972","Not sig"
69.0471722795648,-1.01621123056402,0.911516598543818,-1.11485762539865,0.264911437788109,0.668593044231367,"gene_973","Not sig"
56.0447354793521,-0.584241833607761,0.706775127816498,-0.826630438188607,0.408446559640242,0.794156531467509,"gene_974","Not sig"
105.967816290709,1.35691938173334,0.794071881958013,1.70881177455555,0.0874858209627,0.440713334496232,"gene_975","Not sig"
85.196056975831,0.0937288386632822,0.725697537211221,0.129156892310083,0.897233505389083,0.980682490080122,"gene_976","Not sig"
84.8824462815547,0.692207786093121,0.821981309736849,0.842121077320756,0.399720184440961,0.785856712990517,"gene_977","Not sig"
79.1107233670922,-0.124793779138489,0.746193988985925,-0.167240397243193,0.867180899596522,0.980682490080122,"gene_978","Not sig"
126.43325836579,-0.0191616571844555,0.825108293434064,-0.0232232027443399,0.981472230483493,0.996832817289684,"gene_979","Not sig"
83.5053852228541,0.0675018062587892,0.708193177173671,0.0953155275064668,0.924064209639021,0.980682490080122,"gene_980","Not sig"
128.25863418113,0.168303948445055,0.803328301540299,0.209508302050792,0.834051455095112,0.973169449682569,"gene_981","Not sig"
118.176026466749,0.507602982082139,0.832096389090775,0.610029064826003,0.541842554342591,0.85333658316756,"gene_982","Not sig"
113.747648360745,-0.48094811624083,0.642287221418145,-0.748805363399438,0.453974526602979,0.813163163036105,"gene_983","Not sig"
83.1362607806091,0.212497409108908,0.780118432478108,0.272391216848822,0.785321225411585,0.945978359009722,"gene_984","Not sig"
127.748086866418,0.823950297973877,0.610184893623965,1.35032890290078,0.176910505212279,0.577974137608241,"gene_985","Not sig"
66.212739139531,0.913677521787055,0.733200127341328,1.24615024972808,0.21270923972002,0.611851871900528,"gene_986","Not sig"
122.740838557805,-0.069311021466039,0.74819591547603,-0.0926375298666804,0.926191527408732,0.980682490080122,"gene_987","Not sig"
131.81892010576,-1.31158454195251,0.691801103169541,-1.89589830941781,0.0579734925442122,0.367335677603561,"gene_988","Not sig"
59.9843254166445,-1.03047130337266,0.891508613050826,-1.15587363743609,0.247732847224827,0.646728719745627,"gene_989","Not sig"
92.0467822556176,-0.698549909667041,0.714975069444306,-0.977026947540938,0.328555811620261,0.733624620467159,"gene_990","Not sig"
86.7872135371407,-1.24671990186107,0.748940806798394,-1.66464410877891,0.0959837798019961,0.447010174506439,"gene_991","Not sig"
88.2311620239016,-0.0884979620259681,0.764170199221382,-0.115809229561869,0.907803735605061,0.980682490080122,"gene_992","Not sig"
55.7619303672264,-0.969931788650323,0.785429146894047,-1.23490679265709,0.216865195136827,0.621277815111556,"gene_993","Not sig"
130.112379540773,-0.582226876123232,0.793844904759906,-0.733426482468038,0.463298352047927,0.819605877505758,"gene_994","Not sig"
95.7827887502539,-2.73883066009451,0.727478245582067,-3.76482826356288,0.000166663589195756,0.0116426421595321,"gene_995","Significant"
102.646995254899,1.86048466048855,0.914649650445684,2.03409541520295,0.0419419761519968,0.31553271289733,"gene_996","Not sig"
84.0621750584388,0.515642695826804,0.71553008597028,0.72064432500777,0.471128375060376,0.821156251915944,"gene_997","Not sig"
105.927362614824,0.0231286584482276,0.664916602901309,0.0347842997863304,0.972251740011308,0.996832817289684,"gene_998","Not sig"
85.7078518055313,0.777363076858736,0.93846309374279,0.828336332075082,0.407480052430057,0.794156531467509,"gene_999","Not sig"
95.117363710029,-0.485622115973418,0.638275740680459,-0.760834362051269,0.446756007440416,0.812101189143717,"gene_1000","Not sig"
